Fecha|Fecha||Valor|brillo_solar
2005-01-01
2005-01-02
2005-01-03
2005-01-04
2005-01-05
2005-01-06
2005-01-07
2005-01-08
2005-01-09
2005-01-10
2005-01-11
2005-01-12
2005-01-13
2005-01-14
2005-01-15
2005-01-16
2005-01-17
2005-01-18
2005-01-19
2005-01-20
2005-01-21
2005-01-22
2005-01-23
2005-01-24
2005-01-25
2005-01-26
2005-01-27
2005-01-28
2005-01-29
2005-01-30
2005-01-31
2005-02-01
2005-02-02
2005-02-03
2005-02-04
2005-02-05
2005-02-06
2005-02-07
2005-02-08
2005-02-09
2005-02-10
2005-02-11
2005-02-12
2005-02-13
2005-02-14
2005-02-15
2005-02-16
2005-02-17
2005-02-18
2005-02-19
2005-02-20
2005-02-21
2005-02-22
2005-02-23
2005-02-24
2005-02-25
2005-02-26
2005-02-27
2005-02-28
2005-03-01
2005-03-02
2005-03-03
2005-03-04
2005-03-05
2005-03-06
2005-03-07
2005-03-08
2005-03-09
2005-03-10
2005-03-11
2005-03-12
2005-03-13
2005-03-14
2005-03-15
2005-03-16
2005-03-17
2005-03-18
2005-03-19
2005-03-20
2005-03-21
2005-03-22
2005-03-23
2005-03-24
2005-03-25
2005-03-26
2005-03-27
2005-03-28
2005-03-29
2005-03-30
2005-03-31
2005-04-01
2005-04-02
2005-04-03
2005-04-04
2005-04-05
2005-04-06
2005-04-07
2005-04-08
2005-04-09
2005-04-10
2005-04-11
2005-04-12
2005-04-13
2005-04-14
2005-04-15
2005-04-16
2005-04-17
2005-04-18
2005-04-19
2005-04-20
2005-04-21
2005-04-22
2005-04-23
2005-04-24
2005-04-25
2005-04-26
2005-04-27
2005-04-28
2005-04-29
2005-04-30
2005-05-01
2005-05-02
2005-05-03
2005-05-04
2005-05-05
2005-05-06
2005-05-07
2005-05-08
2005-05-09
2005-05-10
2005-05-11
2005-05-12
2005-05-13
2005-05-14
2005-05-15
2005-05-16
2005-05-17
2005-05-18
2005-05-19
2005-05-20
2005-05-21
2005-05-22
2005-05-23
2005-05-24
2005-05-25
2005-05-26
2005-05-27
2005-05-28
2005-05-29
2005-05-30
2005-05-31
2005-06-01
2005-06-02
2005-06-03
2005-06-04
2005-06-05
2005-06-06
2005-06-07
2005-06-08
2005-06-09
2005-06-10
2005-06-11
2005-06-12
2005-06-13
2005-06-14
2005-06-15
2005-06-16
2005-06-17
2005-06-18
2005-06-19
2005-06-20
2005-06-21
2005-06-22
2005-06-23
2005-06-24
2005-06-25
2005-06-26
2005-06-27
2005-06-28
2005-06-29
2005-06-30
2005-07-01
2005-07-02
2005-07-03
2005-07-04
2005-07-05
2005-07-06
2005-07-07
2005-07-08
2005-07-09
2005-07-10
2005-07-11
2005-07-12
2005-07-13
2005-07-14
2005-07-15
2005-07-16
2005-07-17
2005-07-18
2005-07-19
2005-07-20
2005-07-21
2005-07-22
2005-07-23
2005-07-24
2005-07-25
2005-07-26
2005-07-27
2005-07-28
2005-07-29
2005-07-30
2005-07-31
2005-08-01
2005-08-02
2005-08-03
2005-08-04
2005-08-05
2005-08-06
2005-08-07
2005-08-08
2005-08-09
2005-08-10
2005-08-11
2005-08-12
2005-08-13
2005-08-14
2005-08-15
2005-08-16
2005-08-17
2005-08-18
2005-08-19
2005-08-20
2005-08-21
2005-08-22
2005-08-23
2005-08-24
2005-08-25
2005-08-26
2005-08-27
2005-08-28
2005-08-29
2005-08-30
2005-08-31
2005-09-01
2005-09-02
2005-09-03
2005-09-04
2005-09-05
2005-09-06
2005-09-07
2005-09-08
2005-09-09
2005-09-10
2005-09-11
2005-09-12
2005-09-13
2005-09-14
2005-09-15
2005-09-16
2005-09-17
2005-09-18
2005-09-19
2005-09-20
2005-09-21
2005-09-22
2005-09-23
2005-09-24
2005-09-25
2005-09-26
2005-09-27
2005-09-28
2005-09-29
2005-09-30
2005-10-01
2005-10-02
2005-10-03
2005-10-04
2005-10-05
2005-10-06
2005-10-07
2005-10-08
2005-10-09
2005-10-10
2005-10-11
2005-10-12
2005-10-13
2005-10-14
2005-10-15
2005-10-16
2005-10-17
2005-10-18
2005-10-19
2005-10-20
2005-10-21
2005-10-22
2005-10-23
2005-10-24
2005-10-25
2005-10-26
2005-10-27
2005-10-28
2005-10-29
2005-10-30
2005-10-31
2005-11-01
2005-11-02
2005-11-03
2005-11-04
2005-11-05
2005-11-06
2005-11-07
2005-11-08
2005-11-09
2005-11-10
2005-11-11
2005-11-12
2005-11-13
2005-11-14
2005-11-15
2005-11-16
2005-11-17
2005-11-18
2005-11-19
2005-11-20
2005-11-21
2005-11-22
2005-11-23
2005-11-24
2005-11-25
2005-11-26
2005-11-27
2005-11-28
2005-11-29
2005-11-30
2005-12-01
2005-12-02
2005-12-03
2005-12-04
2005-12-05
2005-12-06
2005-12-07
2005-12-08
2005-12-09
2005-12-10
2005-12-11
2005-12-12
2005-12-13
2005-12-14
2005-12-15
2005-12-16
2005-12-17
2005-12-18
2005-12-19
2005-12-20
2005-12-21
2005-12-22
2005-12-23
2005-12-24
2005-12-25
2005-12-26
2005-12-27
2005-12-28
2005-12-29
2005-12-30
2005-12-31
2006-01-01
2006-01-02
2006-01-03
2006-01-04
2006-01-05
2006-01-06
2006-01-07
2006-01-08
2006-01-09
2006-01-10
2006-01-11
2006-01-12
2006-01-13
2006-01-14
2006-01-15
2006-01-16
2006-01-17
2006-01-18
2006-01-19
2006-01-20
2006-01-21
2006-01-22
2006-01-23
2006-01-24
2006-01-25
2006-01-26
2006-01-27
2006-01-28
2006-01-29
2006-01-30
2006-01-31
2006-02-01
2006-02-02
2006-02-03
2006-02-04
2006-02-05
2006-02-06
2006-02-07
2006-02-08
2006-02-09
2006-02-10
2006-02-11
2006-02-12
2006-02-13
2006-02-14
2006-02-15
2006-02-16
2006-02-17
2006-02-18
2006-02-19
2006-02-20
2006-02-21
2006-02-22
2006-02-23
2006-02-24
2006-02-25
2006-02-26
2006-02-27
2006-02-28
2006-03-01
2006-03-02
2006-03-03
2006-03-04
2006-03-05
2006-03-06
2006-03-07
2006-03-08
2006-03-09
2006-03-10
2006-03-11
2006-03-12
2006-03-13
2006-03-14
2006-03-15
2006-03-16
2006-03-17
2006-03-18
2006-03-19
2006-03-20
2006-03-21
2006-03-22
2006-03-23
2006-03-24
2006-03-25
2006-03-26
2006-03-27
2006-03-28
2006-03-29
2006-03-30
2006-03-31
2006-04-01
2006-04-02
2006-04-03
2006-04-04
2006-04-05
2006-04-06
2006-04-07
2006-04-08
2006-04-09
2006-04-10
2006-04-11
2006-04-12
2006-04-13
2006-04-14
2006-04-15
2006-04-16
2006-04-17
2006-04-18
2006-04-19
2006-04-20
2006-04-21
2006-04-22
2006-04-23
2006-04-24
2006-04-25
2006-04-26
2006-04-27
2006-04-28
2006-04-29
2006-04-30
2006-05-01
2006-05-02
2006-05-03
2006-05-04
2006-05-05
2006-05-06
2006-05-07
2006-05-08
2006-05-09
2006-05-10
2006-05-11
2006-05-12
2006-05-13
2006-05-14
2006-05-15
2006-05-16
2006-05-17
2006-05-18
2006-05-19
2006-05-20
2006-05-21
2006-05-22
2006-05-23
2006-05-24
2006-05-25
2006-05-26
2006-05-27
2006-05-28
2006-05-29
2006-05-30
2006-05-31
2006-06-01
2006-06-02
2006-06-03
2006-06-04
2006-06-05
2006-06-06
2006-06-07
2006-06-08
2006-06-09
2006-06-10
2006-06-11
2006-06-12
2006-06-13
2006-06-14
2006-06-15
2006-06-16
2006-06-17
2006-06-18
2006-06-19
2006-06-20
2006-06-21
2006-06-22
2006-06-23
2006-06-24
2006-06-25
2006-06-26
2006-06-27
2006-06-28
2006-06-29
2006-06-30
2006-07-01
2006-07-02
2006-07-03
2006-07-04
2006-07-05
2006-07-06
2006-07-07
2006-07-08
2006-07-09
2006-07-10
2006-07-11
2006-07-12
2006-07-13
2006-07-14
2006-07-15
2006-07-16
2006-07-17
2006-07-18
2006-07-19
2006-07-20
2006-07-21
2006-07-22
2006-07-23
2006-07-24
2006-07-25
2006-07-26
2006-07-27
2006-07-28
2006-07-29
2006-07-30
2006-07-31
2006-08-01
2006-08-02
2006-08-03
2006-08-04
2006-08-05
2006-08-06
2006-08-07
2006-08-08
2006-08-09
2006-08-10
2006-08-11
2006-08-12
2006-08-13
2006-08-14
2006-08-15
2006-08-16
2006-08-17
2006-08-18
2006-08-19
2006-08-20
2006-08-21
2006-08-22
2006-08-23
2006-08-24
2006-08-25
2006-08-26
2006-08-27
2006-08-28
2006-08-29
2006-08-30
2006-08-31
2006-09-01
2006-09-02
2006-09-03
2006-09-04
2006-09-05
2006-09-06
2006-09-07
2006-09-08
2006-09-09
2006-09-10
2006-09-11
2006-09-12
2006-09-13
2006-09-14
2006-09-15
2006-09-16
2006-09-17
2006-09-18
2006-09-19
2006-09-20
2006-09-21
2006-09-22
2006-09-23
2006-09-24
2006-09-25
2006-09-26
2006-09-27
2006-09-28
2006-09-29
2006-09-30
2006-10-01
2006-10-02
2006-10-03
2006-10-04
2006-10-05
2006-10-06
2006-10-07
2006-10-08
2006-10-09
2006-10-10
2006-10-11
2006-10-12
2006-10-13
2006-10-14
2006-10-15
2006-10-16
2006-10-17
2006-10-18
2006-10-19
2006-10-20
2006-10-21
2006-10-22
2006-10-23
2006-10-24
2006-10-25
2006-10-26
2006-10-27
2006-10-28
2006-10-29
2006-10-30
2006-10-31
2006-11-01
2006-11-02
2006-11-03
2006-11-04
2006-11-05
2006-11-06
2006-11-07
2006-11-08
2006-11-09
2006-11-10
2006-11-11
2006-11-12
2006-11-13
2006-11-14
2006-11-15
2006-11-16
2006-11-17
2006-11-18
2006-11-19
2006-11-20
2006-11-21
2006-11-22
2006-11-23
2006-11-24
2006-11-25
2006-11-26
2006-11-27
2006-11-28
2006-11-29
2006-11-30
2006-12-01
2006-12-02
2006-12-03
2006-12-04
2006-12-05
2006-12-06
2006-12-07
2006-12-08
2006-12-09
2006-12-10
2006-12-11
2006-12-12
2006-12-13
2006-12-14
2006-12-15
2006-12-16
2006-12-17
2006-12-18
2006-12-19
2006-12-20
2006-12-21
2006-12-22
2006-12-23
2006-12-24
2006-12-25
2006-12-26
2006-12-27
2006-12-28
2006-12-29
2006-12-30
2006-12-31
2007-01-01
2007-01-02
2007-01-03
2007-01-04
2007-01-05
2007-01-06
2007-01-07
2007-01-08
2007-01-09
2007-01-10
2007-01-11
2007-01-12
2007-01-13
2007-01-14
2007-01-15
2007-01-16
2007-01-17
2007-01-18
2007-01-19
2007-01-20
2007-01-21
2007-01-22
2007-01-23
2007-01-24
2007-01-25
2007-01-26
2007-01-27
2007-01-28
2007-01-29
2007-01-30
2007-01-31
2007-02-01
2007-02-02
2007-02-03
2007-02-04
2007-02-05
2007-02-06
2007-02-07
2007-02-08
2007-02-09
2007-02-10
2007-02-11
2007-02-12
2007-02-13
2007-02-14
2007-02-15
2007-02-16
2007-02-17
2007-02-18
2007-02-19
2007-02-20
2007-02-21
2007-02-22
2007-02-23
2007-02-24
2007-02-25
2007-02-26
2007-02-27
2007-02-28
2007-03-01
2007-03-02
2007-03-03
2007-03-04
2007-03-05
2007-03-06
2007-03-07
2007-03-08
2007-03-09
2007-03-10
2007-03-11
2007-03-12
2007-03-13
2007-03-14
2007-03-15
2007-03-16
2007-03-17
2007-03-18
2007-03-19
2007-03-20
2007-03-21
2007-03-22
2007-03-23
2007-03-24
2007-03-25
2007-03-26
2007-03-27
2007-03-28
2007-03-29
2007-03-30
2007-03-31
2007-04-01
2007-04-02
2007-04-03
2007-04-04
2007-04-05
2007-04-06
2007-04-07
2007-04-08
2007-04-09
2007-04-10
2007-04-11
2007-04-12
2007-04-13
2007-04-14
2007-04-15
2007-04-16
2007-04-17
2007-04-18
2007-04-19
2007-04-20
2007-04-21
2007-04-22
2007-04-23
2007-04-24
2007-04-25
2007-04-26
2007-04-27
2007-04-28
2007-04-29
2007-04-30
2007-05-01
2007-05-02
2007-05-03
2007-05-04
2007-05-05
2007-05-06
2007-05-07
2007-05-08
2007-05-09
2007-05-10
2007-05-11
2007-05-12
2007-05-13
2007-05-14
2007-05-15
2007-05-16
2007-05-17
2007-05-18
2007-05-19
2007-05-20
2007-05-21
2007-05-22
2007-05-23
2007-05-24
2007-05-25
2007-05-26
2007-05-27
2007-05-28
2007-05-29
2007-05-30
2007-05-31
2007-06-01
2007-06-02
2007-06-03
2007-06-04
2007-06-05
2007-06-06
2007-06-07
2007-06-08
2007-06-09
2007-06-10
2007-06-11
2007-06-12
2007-06-13
2007-06-14
2007-06-15
2007-06-16
2007-06-17
2007-06-18
2007-06-19
2007-06-20
2007-06-21
2007-06-22
2007-06-23
2007-06-24
2007-06-25
2007-06-26
2007-06-27
2007-06-28
2007-06-29
2007-06-30
2007-07-01
2007-07-02
2007-07-03
2007-07-04
2007-07-05
2007-07-06
2007-07-07
2007-07-08
2007-07-09
2007-07-10
2007-07-11
2007-07-12
2007-07-13
2007-07-14
2007-07-15
2007-07-16
2007-07-17
2007-07-18
2007-07-19
2007-07-20
2007-07-21
2007-07-22
2007-07-23
2007-07-24
2007-07-25
2007-07-26
2007-07-27
2007-07-28
2007-07-29
2007-07-30
2007-07-31
2007-08-01
2007-08-02
2007-08-03
2007-08-04
2007-08-05
2007-08-06
2007-08-07
2007-08-08
2007-08-09
2007-08-10
2007-08-11
2007-08-12
2007-08-13
2007-08-14
2007-08-15
2007-08-16
2007-08-17
2007-08-18
2007-08-19
2007-08-20
2007-08-21
2007-08-22
2007-08-23
2007-08-24
2007-08-25
2007-08-26
2007-08-27
2007-08-28
2007-08-29
2007-08-30
2007-08-31
2007-09-01
2007-09-02
2007-09-03
2007-09-04
2007-09-05
2007-09-06
2007-09-07
2007-09-08
2007-09-09
2007-09-10
2007-09-11
2007-09-12
2007-09-13
2007-09-14
2007-09-15
2007-09-16
2007-09-17
2007-09-18
2007-09-19
2007-09-20
2007-09-21
2007-09-22
2007-09-23
2007-09-24
2007-09-25
2007-09-26
2007-09-27
2007-09-28
2007-09-29
2007-09-30
2007-10-01
2007-10-02
2007-10-03
2007-10-04
2007-10-05
2007-10-06
2007-10-07
2007-10-08
2007-10-09
2007-10-10
2007-10-11
2007-10-12
2007-10-13
2007-10-14
2007-10-15
2007-10-16
2007-10-17
2007-10-18
2007-10-19
2007-10-20
2007-10-21
2007-10-22
2007-10-23
2007-10-24
2007-10-25
2007-10-26
2007-10-27
2007-10-28
2007-10-29
2007-10-30
2007-10-31
2007-11-01
2007-11-02
2007-11-03
2007-11-04
2007-11-05
2007-11-06
2007-11-07
2007-11-08
2007-11-09
2007-11-10
2007-11-11
2007-11-12
2007-11-13
2007-11-14
2007-11-15
2007-11-16
2007-11-17
2007-11-18
2007-11-19
2007-11-20
2007-11-21
2007-11-22
2007-11-23
2007-11-24
2007-11-25
2007-11-26
2007-11-27
2007-11-28
2007-11-29
2007-11-30
2007-12-01
2007-12-02
2007-12-03
2007-12-04
2007-12-05
2007-12-06
2007-12-07
2007-12-08
2007-12-09
2007-12-10
2007-12-11
2007-12-12
2007-12-13
2007-12-14
2007-12-15
2007-12-16
2007-12-17
2007-12-18
2007-12-19
2007-12-20
2007-12-21
2007-12-22
2007-12-23
2007-12-24
2007-12-25
2007-12-26
2007-12-27
2007-12-28
2007-12-29
2007-12-30
2007-12-31
2008-01-01
2008-01-02
2008-01-03
2008-01-04
2008-01-05
2008-01-06
2008-01-07
2008-01-08
2008-01-09
2008-01-10
2008-01-11
2008-01-12
2008-01-13
2008-01-14
2008-01-15
2008-01-16
2008-01-17
2008-01-18
2008-01-19
2008-01-20
2008-01-21
2008-01-22
2008-01-23
2008-01-24
2008-01-25
2008-01-26
2008-01-27
2008-01-28
2008-01-29
2008-01-30
2008-01-31
2008-02-01
2008-02-02
2008-02-03
2008-02-04
2008-02-05
2008-02-06
2008-02-07
2008-02-08
2008-02-09
2008-02-10
2008-02-11
2008-02-12
2008-02-13
2008-02-14
2008-02-15
2008-02-16
2008-02-17
2008-02-18
2008-02-19
2008-02-20
2008-02-21
2008-02-22
2008-02-23
2008-02-24
2008-02-25
2008-02-26
2008-02-27
2008-02-28
2008-02-29
2008-03-01
2008-03-02
2008-03-03
2008-03-04
2008-03-05
2008-03-06
2008-03-07
2008-03-08
2008-03-09
2008-03-10
2008-03-11
2008-03-12
2008-03-13
2008-03-14
2008-03-15
2008-03-16
2008-03-17
2008-03-18
2008-03-19
2008-03-20
2008-03-21
2008-03-22
2008-03-23
2008-03-24
2008-03-25
2008-03-26
2008-03-27
2008-03-28
2008-03-29
2008-03-30
2008-03-31
2008-04-01
2008-04-02
2008-04-03
2008-04-04
2008-04-05
2008-04-06
2008-04-07
2008-04-08
2008-04-09
2008-04-10
2008-04-11
2008-04-12
2008-04-13
2008-04-14
2008-04-15
2008-04-16
2008-04-17
2008-04-18
2008-04-19
2008-04-20
2008-04-21
2008-04-22
2008-04-23
2008-04-24
2008-04-25
2008-04-26
2008-04-27
2008-04-28
2008-04-29
2008-04-30
2008-05-01
2008-05-02
2008-05-03
2008-05-04
2008-05-05
2008-05-06
2008-05-07
2008-05-08
2008-05-09
2008-05-10
2008-05-11
2008-05-12
2008-05-13
2008-05-14
2008-05-15
2008-05-16
2008-05-17
2008-05-18
2008-05-19
2008-05-20
2008-05-21
2008-05-22
2008-05-23
2008-05-24
2008-05-25
2008-05-26
2008-05-27
2008-05-28
2008-05-29
2008-05-30
2008-05-31
2008-06-01
2008-06-02
2008-06-03
2008-06-04
2008-06-05
2008-06-06
2008-06-07
2008-06-08
2008-06-09
2008-06-10
2008-06-11
2008-06-12
2008-06-13
2008-06-14
2008-06-15
2008-06-16
2008-06-17
2008-06-18
2008-06-19
2008-06-20
2008-06-21
2008-06-22
2008-06-23
2008-06-24
2008-06-25
2008-06-26
2008-06-27
2008-06-28
2008-06-29
2008-06-30
2008-07-01
2008-07-02
2008-07-03
2008-07-04
2008-07-05
2008-07-06
2008-07-07
2008-07-08
2008-07-09
2008-07-10
2008-07-11
2008-07-12
2008-07-13
2008-07-14
2008-07-15
2008-07-16
2008-07-17
2008-07-18
2008-07-19
2008-07-20
2008-07-21
2008-07-22
2008-07-23
2008-07-24
2008-07-25
2008-07-26
2008-07-27
2008-07-28
2008-07-29
2008-07-30
2008-07-31
2008-08-01
2008-08-02
2008-08-03
2008-08-04
2008-08-05
2008-08-06
2008-08-07
2008-08-08
2008-08-09
2008-08-10
2008-08-11
2008-08-12
2008-08-13
2008-08-14
2008-08-15
2008-08-16
2008-08-17
2008-08-18
2008-08-19
2008-08-20
2008-08-21
2008-08-22
2008-08-23
2008-08-24
2008-08-25
2008-08-26
2008-08-27
2008-08-28
2008-08-29
2008-08-30
2008-08-31
2008-09-01
2008-09-02
2008-09-03
2008-09-04
2008-09-05
2008-09-06
2008-09-07
2008-09-08
2008-09-09
2008-09-10
2008-09-11
2008-09-12
2008-09-13
2008-09-14
2008-09-15
2008-09-16
2008-09-17
2008-09-18
2008-09-19
2008-09-20
2008-09-21
2008-09-22
2008-09-23
2008-09-24
2008-09-25
2008-09-26
2008-09-27
2008-09-28
2008-09-29
2008-09-30
2008-10-01
2008-10-02
2008-10-03
2008-10-04
2008-10-05
2008-10-06
2008-10-07
2008-10-08
2008-10-09
2008-10-10
2008-10-11
2008-10-12
2008-10-13
2008-10-14
2008-10-15
2008-10-16
2008-10-17
2008-10-18
2008-10-19
2008-10-20
2008-10-21
2008-10-22
2008-10-23
2008-10-24
2008-10-25
2008-10-26
2008-10-27
2008-10-28
2008-10-29
2008-10-30
2008-10-31
2008-11-01
2008-11-02
2008-11-03
2008-11-04
2008-11-05
2008-11-06
2008-11-07
2008-11-08
2008-11-09
2008-11-10
2008-11-11
2008-11-12
2008-11-13
2008-11-14
2008-11-15
2008-11-16
2008-11-17
2008-11-18
2008-11-19
2008-11-20
2008-11-21
2008-11-22
2008-11-23
2008-11-24
2008-11-25
2008-11-26
2008-11-27
2008-11-28
2008-11-29
2008-11-30
2008-12-01
2008-12-02
2008-12-03
2008-12-04
2008-12-05
2008-12-06
2008-12-07
2008-12-08
2008-12-09
2008-12-10
2008-12-11
2008-12-12
2008-12-13
2008-12-14
2008-12-15
2008-12-16
2008-12-17
2008-12-18
2008-12-19
2008-12-20
2008-12-21
2008-12-22
2008-12-23
2008-12-24
2008-12-25
2008-12-26
2008-12-27
2008-12-28
2008-12-29
2008-12-30
2008-12-31
2009-01-01
2009-01-02
2009-01-03
2009-01-04
2009-01-05
2009-01-06
2009-01-07
2009-01-08
2009-01-09
2009-01-10
2009-01-11
2009-01-12
2009-01-13
2009-01-14
2009-01-15
2009-01-16
2009-01-17
2009-01-18
2009-01-19
2009-01-20
2009-01-21
2009-01-22
2009-01-23
2009-01-24
2009-01-25
2009-01-26
2009-01-27
2009-01-28
2009-01-29
2009-01-30
2009-01-31
2009-02-01
2009-02-02
2009-02-03
2009-02-04
2009-02-05
2009-02-06
2009-02-07
2009-02-08
2009-02-09
2009-02-10
2009-02-11
2009-02-12
2009-02-13
2009-02-14
2009-02-15
2009-02-16
2009-02-17
2009-02-18
2009-02-19
2009-02-20
2009-02-21
2009-02-22
2009-02-23
2009-02-24
2009-02-25
2009-02-26
2009-02-27
2009-02-28
2009-03-01
2009-03-02
2009-03-03
2009-03-04
2009-03-05
2009-03-06
2009-03-07
2009-03-08
2009-03-09
2009-03-10
2009-03-11
2009-03-12
2009-03-13
2009-03-14
2009-03-15
2009-03-16
2009-03-17
2009-03-18
2009-03-19
2009-03-20
2009-03-21
2009-03-22
2009-03-23
2009-03-24
2009-03-25
2009-03-26
2009-03-27
2009-03-28
2009-03-29
2009-03-30
2009-03-31
2009-04-01
2009-04-02
2009-04-03
2009-04-04
2009-04-05
2009-04-06
2009-04-07
2009-04-08
2009-04-09
2009-04-10
2009-04-11
2009-04-12
2009-04-13
2009-04-14
2009-04-15
2009-04-16
2009-04-17
2009-04-18
2009-04-19
2009-04-20
2009-04-21
2009-04-22
2009-04-23
2009-04-24
2009-04-25
2009-04-26
2009-04-27
2009-04-28
2009-04-29
2009-04-30
2009-05-01
2009-05-02
2009-05-03
2009-05-04
2009-05-05
2009-05-06
2009-05-07
2009-05-08
2009-05-09
2009-05-10
2009-05-11
2009-05-12
2009-05-13
2009-05-14
2009-05-15
2009-05-16
2009-05-17
2009-05-18
2009-05-19
2009-05-20
2009-05-21
2009-05-22
2009-05-23
2009-05-24
2009-05-25
2009-05-26
2009-05-27
2009-05-28
2009-05-29
2009-05-30
2009-05-31
2009-06-01
2009-06-02
2009-06-03
2009-06-04
2009-06-05
2009-06-06
2009-06-07
2009-06-08
2009-06-09
2009-06-10
2009-06-11
2009-06-12
2009-06-13
2009-06-14
2009-06-15
2009-06-16
2009-06-17
2009-06-18
2009-06-19
2009-06-20
2009-06-21
2009-06-22
2009-06-23
2009-06-24
2009-06-25
2009-06-26
2009-06-27
2009-06-28
2009-06-29
2009-06-30
2009-07-01
2009-07-02
2009-07-03
2009-07-04
2009-07-05
2009-07-06
2009-07-07
2009-07-08
2009-07-09
2009-07-10
2009-07-11
2009-07-12
2009-07-13
2009-07-14
2009-07-15
2009-07-16
2009-07-17
2009-07-18
2009-07-19
2009-07-20
2009-07-21
2009-07-22
2009-07-23
2009-07-24
2009-07-25
2009-07-26
2009-07-27
2009-07-28
2009-07-29
2009-07-30
2009-07-31
2009-08-01
2009-08-02
2009-08-03
2009-08-04
2009-08-05
2009-08-06
2009-08-07
2009-08-08
2009-08-09
2009-08-10
2009-08-11
2009-08-12
2009-08-13
2009-08-14
2009-08-15
2009-08-16
2009-08-17
2009-08-18
2009-08-19
2009-08-20
2009-08-21
2009-08-22
2009-08-23
2009-08-24
2009-08-25
2009-08-26
2009-08-27
2009-08-28
2009-08-29
2009-08-30
2009-08-31
2009-09-01
2009-09-02
2009-09-03
2009-09-04
2009-09-05
2009-09-06
2009-09-07
2009-09-08
2009-09-09
2009-09-10
2009-09-11
2009-09-12
2009-09-13
2009-09-14
2009-09-15
2009-09-16
2009-09-17
2009-09-18
2009-09-19
2009-09-20
2009-09-21
2009-09-22
2009-09-23
2009-09-24
2009-09-25
2009-09-26
2009-09-27
2009-09-28
2009-09-29
2009-09-30
2009-10-01
2009-10-02
2009-10-03
2009-10-04
2009-10-05
2009-10-06
2009-10-07
2009-10-08
2009-10-09
2009-10-10
2009-10-11
2009-10-12
2009-10-13
2009-10-14
2009-10-15
2009-10-16
2009-10-17
2009-10-18
2009-10-19
2009-10-20
2009-10-21
2009-10-22
2009-10-23
2009-10-24
2009-10-25
2009-10-26
2009-10-27
2009-10-28
2009-10-29
2009-10-30
2009-10-31
2009-11-01
2009-11-02
2009-11-03
2009-11-04
2009-11-05
2009-11-06
2009-11-07
2009-11-08
2009-11-09
2009-11-10
2009-11-11
2009-11-12
2009-11-13
2009-11-14
2009-11-15
2009-11-16
2009-11-17
2009-11-18
2009-11-19
2009-11-20
2009-11-21
2009-11-22
2009-11-23
2009-11-24
2009-11-25
2009-11-26
2009-11-27
2009-11-28
2009-11-29
2009-11-30
2009-12-01
2009-12-02
2009-12-03
2009-12-04
2009-12-05
2009-12-06
2009-12-07
2009-12-08
2009-12-09
2009-12-10
2009-12-11
2009-12-12
2009-12-13
2009-12-14
2009-12-15
2009-12-16
2009-12-17
2009-12-18
2009-12-19
2009-12-20
2009-12-21
2009-12-22
2009-12-23
2009-12-24
2009-12-25
2009-12-26
2009-12-27
2009-12-28
2009-12-29
2009-12-30
2009-12-31
2010-01-01
2010-01-02
2010-01-03
2010-01-04
2010-01-05
2010-01-06
2010-01-07
2010-01-08
2010-01-09
2010-01-10
2010-01-11
2010-01-12
2010-01-13
2010-01-14
2010-01-15
2010-01-16
2010-01-17
2010-01-18
2010-01-19
2010-01-20
2010-01-21
2010-01-22
2010-01-23
2010-01-24
2010-01-25
2010-01-26
2010-01-27
2010-01-28
2010-01-29
2010-01-30
2010-01-31
2010-02-01
2010-02-02
2010-02-03
2010-02-04
2010-02-05
2010-02-06
2010-02-07
2010-02-08
2010-02-09
2010-02-10
2010-02-11
2010-02-12
2010-02-13
2010-02-14
2010-02-15
2010-02-16
2010-02-17
2010-02-18
2010-02-19
2010-02-20
2010-02-21
2010-02-22
2010-02-23
2010-02-24
2010-02-25
2010-02-26
2010-02-27
2010-02-28
2010-03-16
2010-03-17
2010-03-18
2010-03-19
2010-03-20
2010-03-21
2010-03-22
2010-03-23
2010-03-24
2010-03-25
2010-03-26
2010-03-27
2010-03-28
2010-03-29
2010-03-30
2010-03-31
2010-04-01
2010-04-02
2010-04-03
2010-04-04
2010-04-05
2010-04-06
2010-04-07
2010-04-08
2010-04-09
2010-04-10
2010-04-11
2010-04-12
2010-04-13
2010-04-14
2010-04-15
2010-04-16
2010-04-17
2010-04-18
2010-04-19
2010-04-20
2010-04-21
2010-04-22
2010-04-23
2010-04-24
2010-04-25
2010-04-26
2010-04-27
2010-04-28
2010-04-29
2010-04-30
2010-05-01
2010-05-02
2010-05-03
2010-05-04
2010-05-05
2010-05-06
2010-05-07
2010-05-08
2010-05-09
2010-05-10
2010-05-11
2010-05-12
2010-05-13
2010-05-14
2010-05-15
2010-05-16
2010-05-17
2010-05-18
2010-05-19
2010-05-20
2010-05-21
2010-05-22
2010-05-23
2010-05-24
2010-05-25
2010-05-26
2010-05-27
2010-05-28
2010-05-29
2010-05-30
2010-05-31
2010-06-01
2010-06-02
2010-06-03
2010-06-04
2010-06-05
2010-06-06
2010-06-07
2010-06-08
2010-06-09
2010-06-10
2010-06-11
2010-06-12
2010-06-13
2010-06-14
2010-06-15
2010-06-16
2010-06-17
2010-06-18
2010-06-19
2010-06-20
2010-06-21
2010-06-22
2010-06-23
2010-06-24
2010-06-25
2010-06-26
2010-06-27
2010-06-28
2010-06-29
2010-06-30
2010-07-01
2010-07-02
2010-07-03
2010-07-04
2010-07-05
2010-07-06
2010-07-07
2010-07-08
2010-07-09
2010-07-10
2010-07-11
2010-07-12
2010-07-13
2010-07-14
2010-07-15
2010-07-16
2010-07-17
2010-07-18
2010-07-19
2010-07-20
2010-07-21
2010-07-22
2010-07-23
2010-07-24
2010-07-25
2010-07-26
2010-07-27
2010-07-28
2010-07-29
2010-07-30
2010-07-31
2010-08-01
2010-08-02
2010-08-03
2010-08-04
2010-08-05
2010-08-06
2010-08-07
2010-08-08
2010-08-09
2010-08-10
2010-08-11
2010-08-12
2010-08-13
2010-08-14
2010-08-15
2010-08-16
2010-08-17
2010-08-18
2010-08-19
2010-08-20
2010-08-21
2010-08-22
2010-08-23
2010-08-24
2010-08-25
2010-08-26
2010-08-27
2010-08-28
2010-08-29
2010-08-30
2010-08-31
2010-09-01
2010-09-02
2010-09-03
2010-09-04
2010-09-05
2010-09-06
2010-09-07
2010-09-08
2010-09-09
2010-09-10
2010-09-11
2010-09-12
2010-09-13
2010-09-14
2010-09-15
2010-09-16
2010-09-17
2010-09-18
2010-09-19
2010-09-20
2010-09-21
2010-09-22
2010-09-23
2010-09-24
2010-09-25
2010-09-26
2010-09-27
2010-09-28
2010-09-29
2010-09-30
2010-10-01
2010-10-02
2010-10-03
2010-10-04
2010-10-05
2010-10-06
2010-10-07
2010-10-08
2010-10-09
2010-10-10
2010-10-11
2010-10-12
2010-10-13
2010-10-14
2010-10-15
2010-10-16
2010-10-17
2010-10-18
2010-10-19
2010-10-20
2010-10-21
2010-10-22
2010-10-23
2010-10-24
2010-10-25
2010-10-26
2010-10-27
2010-10-28
2010-10-29
2010-10-30
2010-10-31
2010-11-01
2010-11-02
2010-11-03
2010-11-04
2010-11-05
2010-11-06
2010-11-07
2010-11-08
2010-11-09
2010-11-10
2010-11-11
2010-11-12
2010-11-13
2010-11-14
2010-11-15
2010-11-16
2010-11-17
2010-11-18
2010-11-19
2010-11-20
2010-11-21
2010-11-22
2010-11-23
2010-11-24
2010-11-25
2010-11-26
2010-11-27
2010-11-28
2010-11-29
2010-11-30
2010-12-01
2010-12-02
2010-12-03
2010-12-04
2010-12-05
2010-12-06
2010-12-07
2010-12-08
2010-12-09
2010-12-10
2010-12-11
2010-12-12
2010-12-13
2010-12-14
2010-12-15
2010-12-16
2010-12-17
2010-12-18
2010-12-19
2010-12-20
2010-12-21
2010-12-22
2010-12-23
2010-12-24
2010-12-25
2010-12-26
2010-12-27
2010-12-28
2010-12-29
2010-12-30
2010-12-31
2011-01-01
2011-01-02
2011-01-03
2011-01-04
2011-01-05
2011-01-06
2011-01-07
2011-01-08
2011-01-09
2011-01-10
2011-01-11
2011-01-12
2011-01-13
2011-01-14
2011-01-15
2011-01-16
2011-01-17
2011-01-18
2011-01-19
2011-01-20
2011-01-21
2011-01-22
2011-01-23
2011-01-24
2011-01-25
2011-01-26
2011-01-27
2011-01-28
2011-01-29
2011-01-30
2011-01-31
2011-02-01
2011-02-02
2011-02-03
2011-02-04
2011-02-05
2011-02-06
2011-02-07
2011-02-08
2011-02-09
2011-02-10
2011-02-11
2011-02-12
2011-02-13
2011-02-14
2011-02-15
2011-02-16
2011-02-17
2011-02-18
2011-02-19
2011-02-20
2011-02-21
2011-02-22
2011-02-23
2011-02-24
2011-02-25
2011-02-26
2011-02-27
2011-02-28
2011-03-01
2011-03-02
2011-03-03
2011-03-04
2011-03-05
2011-03-06
2011-03-07
2011-03-08
2011-03-09
2011-03-10
2011-03-11
2011-03-12
2011-03-13
2011-03-14
2011-03-15
2011-03-16
2011-03-17
2011-03-18
2011-03-19
2011-03-20
2011-03-21
2011-03-22
2011-03-23
2011-03-24
2011-03-25
2011-03-26
2011-03-27
2011-03-28
2011-03-29
2011-03-30
2011-03-31
2011-04-01
2011-04-02
2011-04-03
2011-04-04
2011-04-05
2011-04-06
2011-04-07
2011-04-08
2011-04-09
2011-04-10
2011-04-11
2011-04-12
2011-04-13
2011-04-14
2011-04-15
2011-04-16
2011-04-17
2011-04-18
2011-04-19
2011-04-20
2011-04-21
2011-04-22
2011-04-23
2011-04-24
2011-04-25
2011-04-26
2011-04-27
2011-04-28
2011-04-29
2011-04-30
2011-05-01
2011-05-02
2011-05-03
2011-05-04
2011-05-05
2011-05-06
2011-05-07
2011-05-08
2011-05-09
2011-05-10
2011-05-11
2011-05-12
2011-05-13
2011-05-14
2011-05-15
2011-05-16
2011-05-17
2011-05-18
2011-05-19
2011-05-20
2011-05-21
2011-05-22
2011-05-23
2011-05-24
2011-05-25
2011-05-26
2011-05-27
2011-05-28
2011-05-29
2011-05-30
2011-05-31
2011-06-01
2011-06-02
2011-06-03
2011-06-04
2011-06-05
2011-06-06
2011-06-07
2011-06-08
2011-06-09
2011-06-10
2011-06-11
2011-06-12
2011-06-13
2011-06-14
2011-06-15
2011-06-16
2011-06-17
2011-06-18
2011-06-19
2011-06-20
2011-06-21
2011-06-22
2011-06-23
2011-06-24
2011-06-25
2011-06-26
2011-06-27
2011-06-28
2011-06-29
2011-06-30
2011-07-01
2011-07-02
2011-07-03
2011-07-04
2011-07-05
2011-07-06
2011-07-07
2011-07-08
2011-07-09
2011-07-10
2011-07-11
2011-07-12
2011-07-13
2011-07-14
2011-07-15
2011-07-16
2011-07-17
2011-07-18
2011-07-19
2011-07-20
2011-07-21
2011-07-22
2011-07-23
2011-07-24
2011-07-25
2011-07-26
2011-07-27
2011-07-28
2011-07-29
2011-07-30
2011-07-31
2011-08-01
2011-08-02
2011-08-03
2011-08-04
2011-08-05
2011-08-06
2011-08-07
2011-08-08
2011-08-09
2011-08-10
2011-08-11
2011-08-12
2011-08-13
2011-08-14
2011-08-15
2011-08-16
2011-08-17
2011-08-18
2011-08-19
2011-08-20
2011-08-21
2011-08-22
2011-08-23
2011-08-24
2011-08-25
2011-08-26
2011-08-27
2011-08-28
2011-08-29
2011-08-30
2011-08-31
2011-09-01
2011-09-02
2011-09-03
2011-09-04
2011-09-05
2011-09-06
2011-09-07
2011-09-08
2011-09-09
2011-09-10
2011-09-11
2011-09-12
2011-09-13
2011-09-14
2011-09-15
2011-09-16
2011-09-17
2011-09-18
2011-09-19
2011-09-20
2011-09-21
2011-09-22
2011-09-23
2011-09-24
2011-09-25
2011-09-26
2011-09-27
2011-09-28
2011-09-29
2011-09-30
2011-10-01
2011-10-02
2011-10-03
2011-10-04
2011-10-05
2011-10-06
2011-10-07
2011-10-08
2011-10-09
2011-10-10
2011-10-11
2011-10-12
2011-10-13
2011-10-14
2011-10-15
2011-10-16
2011-10-17
2011-10-18
2011-10-19
2011-10-20
2011-10-21
2011-10-22
2011-10-23
2011-10-24
2011-10-25
2011-10-26
2011-10-27
2011-10-28
2011-10-29
2011-10-30
2011-11-01
2011-11-02
2011-11-03
2011-11-04
2011-11-05
2011-11-06
2011-11-07
2011-11-08
2011-11-09
2011-11-10
2011-11-11
2011-11-12
2011-11-13
2011-11-14
2011-11-15
2011-11-16
2011-11-17
2011-11-18
2011-11-19
2011-11-20
2011-11-21
2011-11-22
2011-11-23
2011-11-24
2011-11-25
2011-11-26
2011-11-27
2011-11-28
2011-11-29
2011-11-30
2011-12-01
2011-12-02
2011-12-03
2011-12-04
2011-12-05
2011-12-06
2011-12-07
2011-12-08
2011-12-09
2011-12-10
2011-12-11
2011-12-12
2011-12-13
2011-12-14
2011-12-15
2011-12-16
2011-12-17
2011-12-18
2011-12-19
2011-12-20
2011-12-21
2011-12-22
2011-12-23
2011-12-24
2011-12-25
2011-12-26
2011-12-27
2011-12-28
2011-12-29
2011-12-30
2011-12-31
2012-01-01
2012-01-02
2012-01-03
2012-01-04
2012-01-05
2012-01-06
2012-01-07
2012-01-08
2012-01-09
2012-01-10
2012-01-11
2012-01-12
2012-01-13
2012-01-14
2012-01-15
2012-01-16
2012-01-17
2012-01-18
2012-01-19
2012-01-20
2012-01-21
2012-01-22
2012-01-23
2012-01-24
2012-01-25
2012-01-26
2012-01-27
2012-01-28
2012-01-29
2012-01-30
2012-01-31
2012-02-01
2012-02-02
2012-02-03
2012-02-04
2012-02-05
2012-02-06
2012-02-07
2012-02-08
2012-02-09
2012-02-10
2012-02-11
2012-02-12
2012-02-13
2012-02-14
2012-02-15
2012-02-16
2012-02-17
2012-02-18
2012-02-19
2012-02-20
2012-02-21
2012-02-22
2012-02-23
2012-02-24
2012-02-25
2012-02-26
2012-02-27
2012-02-28
2012-02-29
2012-03-01
2012-03-02
2012-03-03
2012-03-04
2012-03-05
2012-03-06
2012-03-07
2012-03-08
2012-03-09
2012-03-10
2012-03-11
2012-03-12
2012-03-13
2012-03-14
2012-03-15
2012-03-16
2012-03-17
2012-03-18
2012-03-19
2012-03-20
2012-03-21
2012-03-22
2012-03-23
2012-03-24
2012-03-25
2012-03-26
2012-03-27
2012-03-28
2012-03-29
2012-03-30
2012-03-31
2012-04-01
2012-04-02
2012-04-03
2012-04-04
2012-04-05
2012-04-06
2012-04-07
2012-04-08
2012-04-09
2012-04-10
2012-04-11
2012-04-12
2012-04-13
2012-04-14
2012-04-15
2012-04-16
2012-04-17
2012-04-18
2012-04-19
2012-04-20
2012-04-21
2012-04-22
2012-04-23
2012-04-24
2012-04-25
2012-04-26
2012-04-27
2012-04-28
2012-04-29
2012-04-30
2012-05-01
2012-05-02
2012-05-03
2012-05-04
2012-05-05
2012-05-06
2012-05-07
2012-05-08
2012-05-09
2012-05-10
2012-05-11
2012-05-12
2012-05-13
2012-05-14
2012-05-15
2012-05-16
2012-05-17
2012-05-18
2012-05-19
2012-05-20
2012-05-21
2012-05-22
2012-05-23
2012-05-24
2012-05-25
2012-05-26
2012-05-27
2012-05-28
2012-05-29
2012-05-30
2012-05-31
2012-06-01
2012-06-02
2012-06-03
2012-06-04
2012-06-05
2012-06-06
2012-06-07
2012-06-08
2012-06-09
2012-06-10
2012-06-11
2012-06-12
2012-06-13
2012-06-14
2012-06-15
2012-06-16
2012-06-17
2012-06-18
2012-06-19
2012-06-20
2012-06-21
2012-06-22
2012-06-23
2012-06-24
2012-06-25
2012-06-26
2012-06-27
2012-06-28
2012-06-29
2012-06-30
2012-07-01
2012-07-02
2012-07-03
2012-07-04
2012-07-05
2012-07-06
2012-07-07
2012-07-08
2012-07-09
2012-07-10
2012-07-11
2012-07-12
2012-07-13
2012-07-14
2012-07-15
2012-07-16
2012-07-17
2012-07-18
2012-07-19
2012-07-20
2012-07-21
2012-07-22
2012-07-23
2012-07-24
2012-07-25
2012-07-26
2012-07-27
2012-07-28
2012-07-29
2012-07-30
2012-07-31
2012-08-01
2012-08-02
2012-08-03
2012-08-04
2012-08-05
2012-08-06
2012-08-07
2012-08-08
2012-08-09
2012-08-10
2012-08-11
2012-08-12
2012-08-13
2012-08-14
2012-08-15
2012-08-16
2012-08-17
2012-08-18
2012-08-19
2012-08-20
2012-08-21
2012-08-22
2012-08-23
2012-08-24
2012-08-25
2012-08-26
2012-08-27
2012-08-28
2012-08-29
2012-08-30
2012-08-31
2012-09-01
2012-09-02
2012-09-03
2012-09-04
2012-09-05
2012-09-06
2012-09-07
2012-09-08
2012-09-09
2012-09-10
2012-09-11
2012-09-12
2012-09-13
2012-09-14
2012-09-15
2012-09-16
2012-09-17
2012-09-18
2012-09-19
2012-09-20
2012-09-21
2012-09-22
2012-09-23
2012-09-24
2012-09-25
2012-09-26
2012-09-27
2012-09-28
2012-09-29
2012-09-30
2012-10-01
2012-10-02
2012-10-03
2012-10-04
2012-10-05
2012-10-06
2012-10-07
2012-10-08
2012-10-09
2012-10-10
2012-10-11
2012-10-12
2012-10-13
2012-10-14
2012-10-15
2012-10-16
2012-10-17
2012-10-18
2012-10-19
2012-10-20
2012-10-21
2012-10-22
2012-10-23
2012-10-24
2012-10-25
2012-10-26
2012-10-27
2012-10-28
2012-10-29
2012-10-30
2012-10-31
2012-11-01
2012-11-02
2012-11-03
2012-11-04
2012-11-05
2012-11-06
2012-11-07
2012-11-08
2012-11-09
2012-11-10
2012-11-11
2012-11-12
2012-11-13
2012-11-14
2012-11-15
2012-11-16
2012-11-17
2012-11-18
2012-11-19
2012-11-20
2012-11-21
2012-11-22
2012-11-23
2012-11-24
2012-11-25
2012-11-26
2012-11-27
2012-11-28
2012-11-29
2012-11-30
2012-12-01
2012-12-02
2012-12-03
2012-12-04
2012-12-05
2012-12-06
2012-12-07
2012-12-08
2012-12-09
2012-12-10
2012-12-11
2012-12-12
2012-12-13
2012-12-14
2012-12-15
2012-12-16
2012-12-17
2012-12-18
2012-12-19
2012-12-20
2012-12-21
2012-12-22
2012-12-23
2012-12-24
2012-12-25
2012-12-26
2012-12-27
2012-12-28
2012-12-29
2012-12-30
2012-12-31
2013-01-01
2013-01-02
2013-01-03
2013-01-04
2013-01-05
2013-01-06
2013-01-07
2013-01-08
2013-01-09
2013-01-10
2013-01-11
2013-01-12
2013-01-13
2013-01-14
2013-01-15
2013-01-16
2013-01-17
2013-01-18
2013-01-19
2013-01-20
2013-01-21
2013-01-22
2013-01-23
2013-01-24
2013-01-25
2013-01-26
2013-01-27
2013-01-28
2013-01-29
2013-01-30
2013-01-31
2013-02-01
2013-02-02
2013-02-03
2013-02-04
2013-02-05
2013-02-06
2013-02-07
2013-02-08
2013-02-09
2013-02-10
2013-02-11
2013-02-12
2013-02-13
2013-02-14
2013-02-15
2013-02-16
2013-02-17
2013-02-18
2013-02-19
2013-02-20
2013-02-21
2013-02-22
2013-02-23
2013-02-24
2013-02-25
2013-02-26
2013-02-27
2013-02-28
2013-03-01
2013-03-02
2013-03-03
2013-03-04
2013-03-05
2013-03-06
2013-03-07
2013-03-08
2013-03-09
2013-03-10
2013-03-11
2013-03-12
2013-03-13
2013-03-14
2013-03-15
2013-03-16
2013-03-17
2013-03-18
2013-03-19
2013-03-20
2013-03-21
2013-03-22
2013-03-23
2013-03-24
2013-03-25
2013-03-26
2013-03-27
2013-03-28
2013-03-29
2013-03-30
2013-03-31
2013-04-01
2013-04-02
2013-04-03
2013-04-04
2013-04-05
2013-04-06
2013-04-07
2013-04-08
2013-04-09
2013-04-10
2013-04-11
2013-04-12
2013-04-13
2013-04-14
2013-04-15
2013-04-16
2013-04-17
2013-04-18
2013-04-19
2013-04-20
2013-04-21
2013-04-22
2013-04-23
2013-04-24
2013-04-25
2013-04-26
2013-04-27
2013-04-28
2013-04-29
2013-04-30
2013-05-01
2013-05-02
2013-05-03
2013-05-04
2013-05-05
2013-05-06
2013-05-07
2013-05-08
2013-05-09
2013-05-10
2013-05-11
2013-05-12
2013-05-13
2013-05-14
2013-05-15
2013-05-16
2013-05-17
2013-05-18
2013-05-19
2013-05-20
2013-05-21
2013-05-22
2013-05-23
2013-05-24
2013-05-25
2013-05-26
2013-05-27
2013-05-28
2013-05-29
2013-05-30
2013-05-31
2013-06-01
2013-06-02
2013-06-03
2013-06-04
2013-06-05
2013-06-06
2013-06-07
2013-06-08
2013-06-09
2013-06-10
2013-06-11
2013-06-12
2013-06-13
2013-06-14
2013-06-15
2013-06-16
2013-06-17
2013-06-18
2013-06-19
2013-06-20
2013-06-21
2013-06-22
2013-06-23
2013-06-24
2013-06-25
2013-06-26
2013-06-27
2013-06-28
2013-06-29
2013-06-30
2013-07-01
2013-07-02
2013-07-03
2013-07-04
2013-07-05
2013-07-06
2013-07-07
2013-07-08
2013-07-09
2013-07-10
2013-07-11
2013-07-12
2013-07-13
2013-07-14
2013-07-15
2013-07-16
2013-07-17
2013-07-18
2013-07-19
2013-07-20
2013-07-21
2013-07-22
2013-07-23
2013-07-24
2013-07-25
2013-07-26
2013-07-27
2013-07-28
2013-07-29
2013-07-30
2013-07-31
2013-08-01
2013-08-02
2013-08-03
2013-08-04
2013-08-05
2013-08-06
2013-08-07
2013-08-08
2013-08-09
2013-08-10
2013-08-11
2013-08-12
2013-08-13
2013-08-14
2013-08-15
2013-08-16
2013-08-17
2013-08-18
2013-08-19
2013-08-20
2013-08-21
2013-08-22
2013-08-23
2013-08-24
2013-08-25
2013-08-26
2013-08-27
2013-08-28
2013-08-29
2013-08-30
2013-08-31
2013-09-01
2013-09-02
2013-09-03
2013-09-04
2013-09-05
2013-09-06
2013-09-07
2013-09-08
2013-09-09
2013-09-10
2013-09-11
2013-09-12
2013-09-13
2013-09-14
2013-09-15
2013-09-16
2013-09-17
2013-09-18
2013-09-19
2013-09-20
2013-09-21
2013-09-22
2013-09-23
2013-09-24
2013-09-25
2013-09-26
2013-09-27
2013-09-28
2013-09-29
2013-09-30
2013-10-01
2013-10-02
2013-10-03
2013-10-04
2013-10-05
2013-10-06
2013-10-07
2013-10-08
2013-10-09
2013-10-10
2013-10-11
2013-10-12
2013-10-13
2013-10-14
2013-10-15
2013-10-16
2013-10-17
2013-10-18
2013-10-19
2013-10-20
2013-10-21
2013-10-22
2013-10-23
2013-10-24
2013-10-25
2013-10-26
2013-10-27
2013-10-28
2013-10-29
2013-10-30
2013-10-31
2013-11-01
2013-11-02
2013-11-03
2013-11-04
2013-11-05
2013-11-06
2013-11-07
2013-11-08
2013-11-09
2013-11-10
2013-11-11
2013-11-12
2013-11-13
2013-11-14
2013-11-15
2013-11-16
2013-11-17
2013-11-18
2013-11-19
2013-11-20
2013-11-21
2013-11-22
2013-11-23
2013-11-24
2013-11-25
2013-11-26
2013-11-27
2013-11-28
2013-11-29
2013-11-30
2013-12-01
2013-12-02
2013-12-03
2013-12-04
2013-12-05
2013-12-06
2013-12-07
2013-12-08
2013-12-09
2013-12-10
2013-12-11
2013-12-12
2013-12-13
2013-12-14
2013-12-15
2013-12-16
2013-12-17
2013-12-18
2013-12-19
2013-12-20
2013-12-21
2013-12-22
2013-12-23
2013-12-24
2013-12-25
2013-12-26
2013-12-27
2013-12-28
2013-12-29
2013-12-30
2013-12-31
2014-01-01
2014-01-02
2014-01-03
2014-01-04
2014-01-05
2014-01-06
2014-01-07
2014-01-08
2014-01-09
2014-01-10
2014-01-11
2014-01-12
2014-01-13
2014-01-14
2014-01-15
2014-01-16
2014-01-17
2014-01-18
2014-01-19
2014-01-20
2014-01-21
2014-01-22
2014-01-23
2014-01-24
2014-01-25
2014-01-26
2014-01-27
2014-01-28
2014-01-29
2014-01-30
2014-01-31
2014-02-01
2014-02-02
2014-02-03
2014-02-04
2014-02-05
2014-02-06
2014-02-07
2014-02-08
2014-02-09
2014-02-10
2014-02-11
2014-02-12
2014-02-13
2014-02-14
2014-02-15
2014-02-16
2014-02-17
2014-02-18
2014-02-19
2014-02-20
2014-02-21
2014-02-22
2014-02-23
2014-02-24
2014-02-25
2014-02-26
2014-02-27
2014-02-28
2014-03-01
2014-03-02
2014-03-03
2014-03-04
2014-03-05
2014-03-06
2014-03-07
2014-03-08
2014-03-09
2014-03-10
2014-03-11
2014-03-12
2014-03-13
2014-03-14
2014-03-15
2014-03-16
2014-03-17
2014-03-18
2014-03-19
2014-03-20
2014-03-21
2014-03-22
2014-03-23
2014-03-24
2014-03-25
2014-03-26
2014-03-27
2014-03-28
2014-03-29
2014-03-30
2014-03-31
2014-04-01
2014-04-02
2014-04-03
2014-04-04
2014-04-05
2014-04-06
2014-04-07
2014-04-08
2014-04-09
2014-04-10
2014-04-11
2014-04-12
2014-04-13
2014-04-14
2014-04-15
2014-04-16
2014-04-17
2014-04-18
2014-04-19
2014-04-20
2014-04-21
2014-04-22
2014-04-23
2014-04-24
2014-04-25
2014-04-26
2014-04-27
2014-04-28
2014-04-29
2014-04-30
2014-05-01
2014-05-02
2014-05-03
2014-05-04
2014-05-05
2014-05-06
2014-05-07
2014-05-08
2014-05-09
2014-05-10
2014-05-11
2014-05-12
2014-05-13
2014-05-14
2014-05-15
2014-05-16
2014-05-17
2014-05-18
2014-05-19
2014-05-20
2014-05-21
2014-05-22
2014-05-23
2014-05-24
2014-05-25
2014-05-26
2014-05-27
2014-05-28
2014-05-29
2014-05-30
2014-05-31
2014-06-01
2014-06-02
2014-06-03
2014-06-04
2014-06-05
2014-06-06
2014-06-07
2014-06-08
2014-06-09
2014-06-10
2014-06-11
2014-06-12
2014-06-13
2014-06-14
2014-06-15
2014-06-16
2014-06-17
2014-06-18
2014-06-19
2014-06-20
2014-06-21
2014-06-22
2014-06-23
2014-06-24
2014-06-25
2014-06-26
2014-06-27
2014-06-28
2014-06-29
2014-06-30
2014-07-01
2014-07-02
2014-07-03
2014-07-04
2014-07-05
2014-07-06
2014-07-07
2014-07-08
2014-07-09
2014-07-10
2014-07-11
2014-07-12
2014-07-13
2014-07-14
2014-07-15
2014-07-16
2014-07-17
2014-07-18
2014-07-19
2014-07-20
2014-07-21
2014-07-22
2014-07-23
2014-07-24
2014-07-25
2014-07-26
2014-07-27
2014-07-28
2014-07-29
2014-07-30
2014-07-31
2014-08-01
2014-08-02
2014-08-03
2014-08-04
2014-08-05
2014-08-06
2014-08-07
2014-08-08
2014-08-09
2014-08-10
2014-08-11
2014-08-12
2014-08-13
2014-08-14
2014-08-15
2014-08-16
2014-08-17
2014-08-18
2014-08-19
2014-08-20
2014-08-21
2014-08-22
2014-08-23
2014-08-24
2014-08-25
2014-08-26
2014-08-27
2014-08-28
2014-08-29
2014-08-30
2014-08-31
2014-09-01
2014-09-02
2014-09-03
2014-09-04
2014-09-05
2014-09-06
2014-09-07
2014-09-08
2014-09-09
2014-09-10
2014-09-11
2014-09-12
2014-09-13
2014-09-14
2014-09-15
2014-09-16
2014-09-17
2014-09-18
2014-09-19
2014-09-20
2014-09-21
2014-09-22
2014-09-23
2014-09-24
2014-09-25
2014-09-26
2014-09-27
2014-09-28
2014-09-29
2014-09-30
2014-10-01
2014-10-02
2014-10-03
2014-10-04
2014-10-05
2014-10-06
2014-10-07
2014-10-08
2014-10-09
2014-10-10
2014-10-11
2014-10-12
2014-10-13
2014-10-14
2014-10-15
2014-10-16
2014-10-17
2014-10-18
2014-10-19
2014-10-20
2014-10-21
2014-10-22
2014-10-23
2014-10-24
2014-10-25
2014-10-26
2014-10-27
2014-10-28
2014-10-29
2014-10-30
2014-10-31
2014-11-01
2014-11-02
2014-11-03
2014-11-04
2014-11-05
2014-11-06
2014-11-07
2014-11-08
2014-11-09
2014-11-10
2014-11-11
2014-11-12
2014-11-13
2014-11-14
2014-11-15
2014-11-16
2014-11-17
2014-11-18
2014-11-19
2014-11-20
2014-11-21
2014-11-22
2014-11-23
2014-11-24
2014-11-25
2014-11-26
2014-11-27
2014-11-28
2014-11-29
2014-11-30
2014-12-01
2014-12-02
2014-12-03
2014-12-04
2014-12-05
2014-12-06
2014-12-07
2014-12-08
2014-12-09
2014-12-10
2014-12-11
2014-12-12
2014-12-13
2014-12-14
2014-12-15
2014-12-16
2014-12-17
2014-12-18
2014-12-19
2014-12-20
2014-12-21
2014-12-22
2014-12-23
2014-12-24
2014-12-25
2014-12-26
2014-12-27
2014-12-28
2014-12-29
2014-12-30
2014-12-31
2015-01-01
2015-01-02
2015-01-03
2015-01-04
2015-01-05
2015-01-06
2015-01-07
2015-01-08
2015-01-09
2015-01-10
2015-01-11
2015-01-12
2015-01-13
2015-01-14
2015-01-15
2015-01-16
2015-01-17
2015-01-18
2015-01-19
2015-01-20
2015-01-21
2015-01-22
2015-01-23
2015-01-24
2015-01-25
2015-01-26
2015-01-27
2015-01-28
2015-01-29
2015-01-30
2015-01-31
2015-02-01
2015-02-02
2015-02-03
2015-02-04
2015-02-05
2015-02-06
2015-02-07
2015-02-08
2015-02-09
2015-02-10
2015-02-11
2015-02-12
2015-02-13
2015-02-14
2015-02-15
2015-02-16
2015-02-17
2015-02-18
2015-02-19
2015-02-20
2015-02-21
2015-02-22
2015-02-23
2015-02-24
2015-02-25
2015-02-26
2015-02-27
2015-02-28
2015-03-01
2015-03-02
2015-03-03
2015-03-04
2015-03-05
2015-03-06
2015-03-07
2015-03-08
2015-03-09
2015-03-10
2015-03-11
2015-03-12
2015-03-13
2015-03-14
2015-03-15
2015-03-16
2015-03-17
2015-03-18
2015-03-19
2015-03-20
2015-03-21
2015-03-22
2015-03-23
2015-03-24
2015-03-25
2015-03-26
2015-03-27
2015-03-28
2015-03-29
2015-03-30
2015-03-31
2015-04-01
2015-04-02
2015-04-03
2015-04-04
2015-04-05
2015-04-06
2015-04-07
2015-04-08
2015-04-09
2015-04-10
2015-04-11
2015-04-12
2015-04-13
2015-04-14
2015-04-15
2015-04-16
2015-04-17
2015-04-18
2015-04-19
2015-04-20
2015-04-21
2015-04-22
2015-04-23
2015-04-24
2015-04-25
2015-04-26
2015-04-27
2015-04-28
2015-04-29
2015-04-30
2015-05-01
2015-05-02
2015-05-03
2015-05-04
2015-05-05
2015-05-06
2015-05-07
2015-05-08
2015-05-09
2015-05-10
2015-05-11
2015-05-12
2015-05-13
2015-05-14
2015-05-15
2015-05-16
2015-05-17
2015-05-18
2015-05-19
2015-05-20
2015-05-21
2015-05-22
2015-05-23
2015-05-24
2015-05-25
2015-05-26
2015-05-27
2015-05-28
2015-05-29
2015-05-30
2015-05-31
2015-06-01
2015-06-02
2015-06-03
2015-06-04
2015-06-05
2015-06-06
2015-06-07
2015-06-08
2015-06-09
2015-06-10
2015-06-11
2015-06-12
2015-06-13
2015-06-14
2015-06-15
2015-06-16
2015-06-17
2015-06-18
2015-06-19
2015-06-20
2015-06-21
2015-06-22
2015-06-23
2015-06-24
2015-06-25
2015-06-26
2015-06-27
2015-06-28
2015-06-29
2015-06-30
2015-07-01
2015-07-02
2015-07-03
2015-07-04
2015-07-05
2015-07-06
2015-07-07
2015-07-08
2015-07-09
2015-07-10
2015-07-11
2015-07-12
2015-07-13
2015-07-14
2015-07-15
2015-07-16
2015-07-17
2015-07-18
2015-07-19
2015-07-20
2015-07-21
2015-07-22
2015-07-23
2015-07-24
2015-07-25
2015-07-26
2015-07-27
2015-07-28
2015-07-29
2015-07-30
2015-07-31
2015-08-01
2015-08-02
2015-08-03
2015-08-04
2015-08-05
2015-08-06
2015-08-07
2015-08-08
2015-08-09
2015-08-10
2015-08-11
2015-08-12
2015-08-13
2015-08-14
2015-08-15
2015-08-16
2015-08-17
2015-08-18
2015-08-19
2015-08-20
2015-08-21
2015-08-22
2015-08-23
2015-08-24
2015-08-25
2015-08-26
2015-08-27
2015-08-28
2015-08-29
2015-08-30
2015-08-31
2015-09-01
2015-09-02
2015-09-03
2015-09-04
2015-09-05
2015-09-06
2015-09-07
2015-09-08
2015-09-09
2015-09-10
2015-09-11
2015-09-12
2015-09-13
2015-09-14
2015-09-15
2015-09-16
2015-09-17
2015-09-18
2015-09-19
2015-09-20
2015-09-21
2015-09-22
2015-09-23
2015-09-24
2015-09-25
2015-09-26
2015-09-27
2015-09-28
2015-09-29
2015-09-30
2015-10-01
2015-10-02
2015-10-03
2015-10-04
2015-10-05
2015-10-06
2015-10-07
2015-10-08
2015-10-09
2015-10-10
2015-10-11
2015-10-12
2015-10-13
2015-10-14
2015-10-15
2015-10-16
2015-10-17
2015-10-18
2015-10-19
2015-10-20
2015-10-21
2015-10-22
2015-10-23
2015-10-24
2015-10-25
2015-10-26
2015-10-27
2015-10-28
2015-10-29
2015-10-30
2015-10-31
2015-11-01
2015-11-02
2015-11-03
2015-11-04
2015-11-05
2015-11-06
2015-11-07
2015-11-08
2015-11-09
2015-11-10
2015-11-11
2015-11-12
2015-11-13
2015-11-14
2015-11-15
2015-11-16
2015-11-17
2015-11-18
2015-11-19
2015-11-20
2015-11-21
2015-11-22
2015-11-23
2015-11-24
2015-11-25
2015-11-26
2015-11-27
2015-11-28
2015-11-29
2015-11-30
2015-12-01
2015-12-02
2015-12-03
2015-12-04
2015-12-05
2015-12-06
2015-12-07
2015-12-08
2015-12-09
2015-12-10
2015-12-11
2015-12-12
2015-12-13
2015-12-14
2015-12-15
2015-12-16
2015-12-17
2015-12-18
2015-12-19
2015-12-20
2015-12-21
2015-12-22
2015-12-23
2015-12-24
2015-12-25
2015-12-26
2015-12-27
2015-12-28
2015-12-29
2015-12-30
2015-12-31
2016-01-01
2016-01-02
2016-01-03
2016-01-04
2016-01-05
2016-01-06
2016-01-07
2016-01-08
2016-01-09
2016-01-10
2016-01-11
2016-01-12
2016-01-13
2016-01-14
2016-01-15
2016-01-16
2016-01-17
2016-01-18
2016-01-19
2016-01-20
2016-01-21
2016-01-22
2016-01-23
2016-01-24
2016-01-25
2016-01-26
2016-01-27
2016-01-28
2016-01-29
2016-01-30
2016-01-31
2016-02-01
2016-02-02
2016-02-03
2016-02-04
2016-02-05
2016-02-06
2016-02-07
2016-02-08
2016-02-09
2016-02-10
2016-02-11
2016-02-12
2016-02-13
2016-02-14
2016-02-15
2016-02-16
2016-02-17
2016-02-18
2016-02-19
2016-02-20
2016-02-21
2016-02-22
2016-02-23
2016-02-24
2016-02-25
2016-02-26
2016-02-27
2016-02-28
2016-02-29
2016-03-01
2016-03-02
2016-03-03
2016-03-04
2016-03-05
2016-03-06
2016-03-07
2016-03-08
2016-03-09
2016-03-10
2016-03-11
2016-03-12
2016-03-13
2016-03-14
2016-03-15
2016-03-16
2016-03-17
2016-03-18
2016-03-19
2016-03-20
2016-03-21
2016-03-22
2016-03-23
2016-03-24
2016-03-25
2016-03-26
2016-03-27
2016-03-28
2016-03-29
2016-03-30
2016-03-31
2016-04-01
2016-04-02
2016-04-03
2016-04-04
2016-04-05
2016-04-06
2016-04-07
2016-04-08
2016-04-09
2016-04-10
2016-04-11
2016-04-12
2016-04-13
2016-04-14
2016-04-15
2016-04-16
2016-04-17
2016-04-18
2016-04-19
2016-04-20
2016-04-21
2016-04-22
2016-04-23
2016-04-24
2016-04-25
2016-04-26
2016-04-27
2016-04-28
2016-04-29
2016-04-30
2016-05-01
2016-05-02
2016-05-03
2016-05-04
2016-05-05
2016-05-06
2016-05-07
2016-05-08
2016-05-09
2016-05-10
2016-05-11
2016-05-12
2016-05-13
2016-05-14
2016-05-15
2016-05-16
2016-05-17
2016-05-18
2016-05-19
2016-05-20
2016-05-21
2016-05-22
2016-05-23
2016-05-24
2016-05-25
2016-05-26
2016-05-27
2016-05-28
2016-05-29
2016-05-30
2016-05-31
2016-06-01
2016-06-02
2016-06-03
2016-06-04
2016-06-05
2016-06-06
2016-06-07
2016-06-08
2016-06-09
2016-06-10
2016-06-11
2016-06-12
2016-06-13
2016-06-14
2016-06-15
2016-06-16
2016-06-17
2016-06-18
2016-06-19
2016-06-20
2016-06-21
2016-06-22
2016-06-23
2016-06-24
2016-06-25
2016-06-26
2016-06-27
2016-06-28
2016-06-29
2016-06-30
2016-07-01
2016-07-02
2016-07-03
2016-07-04
2016-07-05
2016-07-06
2016-07-07
2016-07-08
2016-07-09
2016-07-10
2016-07-11
2016-07-12
2016-07-13
2016-07-14
2016-07-15
2016-07-16
2016-07-17
2016-07-18
2016-07-19
2016-07-20
2016-07-21
2016-07-22
2016-07-23
2016-07-24
2016-07-25
2016-07-26
2016-07-27
2016-07-28
2016-07-29
2016-07-30
2016-07-31
2016-08-01
2016-08-02
2016-08-03
2016-08-04
2016-08-05
2016-08-06
2016-08-07
2016-08-08
2016-08-09
2016-08-10
2016-08-11
2016-08-12
2016-08-13
2016-08-14
2016-08-15
2016-08-16
2016-08-17
2016-08-18
2016-08-19
2016-08-20
2016-08-21
2016-08-22
2016-08-23
2016-08-24
2016-08-25
2016-08-26
2016-08-27
2016-08-28
2016-08-29
2016-08-30
2016-08-31
2016-09-01
2016-09-02
2016-09-03
2016-09-04
2016-09-05
2016-09-06
2016-09-07
2016-09-08
2016-09-09
2016-09-10
2016-09-11
2016-09-12
2016-09-13
2016-09-14
2016-09-15
2016-09-16
2016-09-17
2016-09-18
2016-09-19
2016-09-20
2016-09-21
2016-09-22
2016-09-23
2016-09-24
2016-09-25
2016-09-26
2016-09-27
2016-09-28
2016-09-29
2016-09-30
2016-10-01
2016-10-02
2016-10-03
2016-10-04
2016-10-05
2016-10-06
2016-10-07
2016-10-08
2016-10-09
2016-10-10
2016-10-11
2016-10-12
2016-10-13
2016-10-14
2016-10-15
2016-10-16
2016-10-17
2016-10-18
2016-10-19
2016-10-20
2016-10-21
2016-10-22
2016-10-23
2016-10-24
2016-10-25
2016-10-26
2016-10-27
2016-10-28
2016-10-29
2016-10-30
2016-10-31
2016-11-01
2016-11-02
2016-11-03
2016-11-04
2016-11-05
2016-11-06
2016-11-07
2016-11-08
2016-11-09
2016-11-10
2016-11-11
2016-11-12
2016-11-13
2016-11-14
2016-11-15
2016-11-16
2016-11-17
2016-11-18
2016-11-19
2016-11-20
2016-11-21
2016-11-22
2016-11-23
2016-11-24
2016-11-25
2016-11-26
2016-11-27
2016-11-28
2016-11-29
2016-11-30
2016-12-01
2016-12-02
2016-12-03
2016-12-04
2016-12-05
2016-12-06
2016-12-07
2016-12-08
2016-12-09
2016-12-10
2016-12-11
2016-12-12
2016-12-13
2016-12-14
2016-12-15
2016-12-16
2016-12-17
2016-12-18
2016-12-19
2016-12-20
2016-12-21
2016-12-22
2016-12-23
2016-12-24
2016-12-25
2016-12-26
2016-12-27
2016-12-28
2016-12-29
2016-12-30
2016-12-31
2017-01-01
2017-01-02
2017-01-03
2017-01-04
2017-01-05
2017-01-06
2017-01-07
2017-01-08
2017-01-09
2017-01-10
2017-01-11
2017-01-12
2017-01-13
2017-01-14
2017-01-15
2017-01-16
2017-01-17
2017-01-18
2017-01-19
2017-01-20
2017-01-21
2017-01-22
2017-01-23
2017-01-24
2017-01-25
2017-01-26
2017-01-27
2017-01-28
2017-01-29
2017-01-30
2017-01-31
2017-02-01
2017-02-02
2017-02-03
2017-02-04
2017-02-05
2017-02-06
2017-02-07
2017-02-08
2017-02-09
2017-02-10
2017-02-11
2017-02-12
2017-02-13
2017-02-14
2017-02-15
2017-02-16
2017-02-17
2017-02-18
2017-02-19
2017-02-20
2017-02-21
2017-02-22
2017-02-23
2017-02-24
2017-02-25
2017-02-26
2017-02-27
2017-02-28
2017-03-01
2017-03-02
2017-03-03
2017-03-04
2017-03-05
2017-03-06
2017-03-07
2017-03-08
2017-03-09
2017-03-10
2017-03-11
2017-03-12
2017-03-13
2017-03-14
2017-03-15
2017-03-16
2017-03-17
2017-03-18
2017-03-19
2017-03-20
2017-03-21
2017-03-22
2017-03-23
2017-03-24
2017-03-25
2017-03-26
2017-03-27
2017-03-28
2017-03-29
2017-03-30
2017-03-31
2017-04-01
2017-04-02
2017-04-03
2017-04-04
2017-04-05
2017-04-06
2017-04-07
2017-04-08
2017-04-09
2017-04-10
2017-04-11
2017-04-12
2017-04-13
2017-04-14
2017-04-15
2017-04-16
2017-04-17
2017-04-18
2017-04-19
2017-04-20
2017-04-21
2017-04-22
2017-04-23
2017-04-24
2017-04-25
2017-04-26
2017-04-27
2017-04-28
2017-04-29
2017-04-30
2017-05-01
2017-05-02
2017-05-03
2017-05-04
2017-05-05
2017-05-06
2017-05-07
2017-05-08
2017-05-09
2017-05-10
2017-05-11
2017-05-12
2017-05-13
2017-05-14
2017-05-15
2017-05-16
2017-05-17
2017-05-18
2017-05-19
2017-05-20
2017-05-21
2017-05-22
2017-05-23
2017-05-24
2017-05-25
2017-05-26
2017-05-27
2017-05-28
2017-05-29
2017-05-30
2017-05-31
2017-06-01
2017-06-02
2017-06-03
2017-06-04
2017-06-05
2017-06-06
2017-06-07
2017-06-08
2017-06-09
2017-06-10
2017-06-11
2017-06-12
2017-06-13
2017-06-14
2017-06-15
2017-06-16
2017-06-17
2017-06-18
2017-06-19
2017-06-20
2017-06-21
2017-06-22
2017-06-23
2017-06-24
2017-06-25
2017-06-26
2017-06-27
2017-06-28
2017-06-29
2017-06-30
2017-07-01
2017-07-02
2017-07-03
2017-07-04
2017-07-05
2017-07-06
2017-07-07
2017-07-08
2017-07-09
2017-07-10
2017-07-11
2017-07-12
2017-07-13
2017-07-14
2017-07-15
2017-07-16
2017-07-17
2017-07-18
2017-07-19
2017-07-20
2017-07-21
2017-07-22
2017-07-23
2017-07-24
2017-07-25
2017-07-26
2017-07-27
2017-07-28
2017-07-29
2017-07-30
2017-07-31
2017-08-01
2017-08-02
2017-08-03
2017-08-04
2017-08-05
2017-08-06
2017-08-07
2017-08-08
2017-08-09
2017-08-10
2017-08-11
2017-08-12
2017-08-13
2017-08-14
2017-08-15
2017-08-16
2017-08-17
2017-08-18
2017-08-19
2017-08-20
2017-08-21
2017-08-22
2017-08-23
2017-08-24
2017-08-25
2017-08-26
2017-08-27
2017-08-28
2017-08-29
2017-08-302017-08-306.500000000000001
2017-08-312017-08-310.0
2017-09-012017-09-019.5
2017-09-022017-09-025.0
2017-09-032017-09-038.6
2017-09-042017-09-048.0
2017-09-052017-09-058.8
2017-09-062017-09-066.1
2017-09-072017-09-078.2
2017-09-082017-09-082.7
2017-09-092017-09-091.8
2017-09-102017-09-105.0
2017-09-112017-09-117.2
2017-09-122017-09-125.3
2017-09-132017-09-134.0
2017-09-142017-09-145.6000000000000005
2017-09-152017-09-153.5
2017-09-162017-09-165.3999999999999995
2017-09-172017-09-174.2
2017-09-182017-09-184.1
2017-09-192017-09-197.499999999999999
2017-09-202017-09-209.6
2017-09-212017-09-217.200000000000001
2017-09-222017-09-226.9
2017-09-232017-09-230.6000000000000001
2017-09-242017-09-245.4
2017-09-252017-09-251.8
2017-09-262017-09-266.2
2017-09-272017-09-276.7
2017-09-282017-09-282.0999999999999996
2017-09-292017-09-293.9
2017-09-302017-09-300.0
2017-10-012017-10-014.2
2017-10-022017-10-022.0
2017-10-032017-10-033.3000000000000003
2017-10-042017-10-041.0999999999999999
2017-10-052017-10-050.2
2017-10-062017-10-062.0
2017-10-072017-10-076.5
2017-10-082017-10-084.199999999999999
2017-10-092017-10-094.4
2017-10-102017-10-106.8
2017-10-112017-10-114.8
2017-10-122017-10-124.5
2017-10-132017-10-131.3
2017-10-142017-10-142.9000000000000004
2017-10-152017-10-155.1
2017-10-162017-10-169.2
2017-10-172017-10-177.1
2017-10-182017-10-186.8999999999999995
2017-10-192017-10-197.900000000000001
2017-10-202017-10-208.1
2017-10-212017-10-212.6
2017-10-222017-10-221.9
2017-10-232017-10-233.1
2017-10-242017-10-240.0
2017-10-252017-10-252.0
2017-10-262017-10-266.5
2017-10-272017-10-275.1000000000000005
2017-10-282017-10-280.0
2017-10-292017-10-290.0
2017-10-302017-10-301.0
2017-10-312017-10-314.3999999999999995
2017-11-012017-11-014.6000000000000005
2017-11-022017-11-023.9
2017-11-032017-11-032.6
2017-11-042017-11-043.1
2017-11-052017-11-057.2
2017-11-062017-11-066.8
2017-11-072017-11-076.100000000000001
2017-11-082017-11-081.6
2017-11-092017-11-093.5
2017-11-102017-11-103.6999999999999997
2017-11-112017-11-115.500000000000001
2017-11-122017-11-123.7
2017-11-132017-11-135.300000000000001
2017-11-142017-11-142.1
2017-11-152017-11-150.0
2017-11-162017-11-162.9
2017-11-172017-11-170.0
2017-11-182017-11-185.1000000000000005
2017-11-192017-11-190.6000000000000001
2017-11-202017-11-200.1
2017-11-212017-11-214.2
2017-11-222017-11-226.9
2017-11-232017-11-231.9000000000000004
2017-11-242017-11-243.3
2017-11-252017-11-252.1
2017-11-262017-11-265.8999999999999995
2017-11-272017-11-273.9000000000000004
2017-11-282017-11-284.7
2017-11-292017-11-298.1
2017-11-302017-11-303.7
2017-12-012017-12-010.0
2017-12-022017-12-020.0
2017-12-032017-12-030.0
2017-12-042017-12-040.0
2017-12-052017-12-050.0
2017-12-062017-12-060.0
2017-12-072017-12-070.0
2017-12-082017-12-080.0
2017-12-092017-12-090.0
2017-12-102017-12-100.0
2017-12-112017-12-110.0
2017-12-122017-12-120.0
2017-12-132017-12-130.0
2017-12-142017-12-140.0
2017-12-152017-12-150.0
2017-12-162017-12-160.0
2017-12-172017-12-170.0
2017-12-182017-12-180.0
2017-12-192017-12-190.0
2017-12-202017-12-200.0
2017-12-212017-12-210.0
2017-12-222017-12-220.0
2017-12-232017-12-230.0
2017-12-242017-12-240.0
2017-12-252017-12-250.0
2017-12-262017-12-260.0
2017-12-272017-12-270.0
2017-12-282017-12-280.0
2017-12-292017-12-290.0
2017-12-302017-12-300.0
2017-12-312017-12-310.0
2018-01-012018-01-010.6000000000000001
2018-01-022018-01-022.5
2018-01-032018-01-036.200000000000001
2018-01-042018-01-047.3
2018-01-052018-01-055.9
2018-01-062018-01-065.5
2018-01-072018-01-077.2
2018-01-082018-01-086.3
2018-01-092018-01-094.2
2018-01-102018-01-106.0
2018-01-112018-01-115.3999999999999995
2018-01-122018-01-122.4
2018-01-132018-01-131.7
2018-01-142018-01-142.6
2018-01-152018-01-153.3000000000000003
2018-01-162018-01-162.1
2018-01-172018-01-171.6
2018-01-182018-01-182.1
2018-01-192018-01-196.7
2018-01-202018-01-201.7999999999999998
2018-01-212018-01-213.1000000000000005
2018-01-222018-01-226.700000000000001
2018-01-232018-01-234.299999999999999
2018-01-242018-01-249.5
2018-01-252018-01-257.2
2018-01-262018-01-265.1
2018-01-272018-01-273.0000000000000004
2018-01-282018-01-284.999999999999999
2018-01-292018-01-297.300000000000001
2018-01-302018-01-307.6
2018-01-312018-01-317.500000000000001
2018-02-012018-02-015.0
2018-02-022018-02-024.8
2018-02-032018-02-032.8
2018-02-042018-02-041.7000000000000002
2018-02-052018-02-055.7
2018-02-062018-02-061.2000000000000002
2018-02-072018-02-074.5
2018-02-082018-02-087.7
2018-02-092018-02-096.9
2018-02-102018-02-106.6000000000000005
2018-02-112018-02-112.3000000000000003
2018-02-122018-02-126.8
2018-02-132018-02-134.0
2018-02-142018-02-145.200000000000001
2018-02-152018-02-152.9000000000000004
2018-02-162018-02-164.2
2018-02-172018-02-170.6000000000000001
2018-02-182018-02-183.6999999999999997
2018-02-192018-02-196.199999999999999
2018-02-202018-02-205.699999999999999
2018-02-212018-02-213.5
2018-02-222018-02-222.6
2018-02-232018-02-233.8
2018-02-242018-02-245.4
2018-02-252018-02-255.8
2018-02-262018-02-265.8
2018-02-272018-02-278.1
2018-02-282018-02-286.000000000000001
2018-03-012018-03-013.0
2018-03-022018-03-020.0
2018-03-032018-03-031.8
2018-03-042018-03-043.0
2018-03-052018-03-054.6
2018-03-062018-03-061.4
2018-03-072018-03-077.8999999999999995
2018-03-082018-03-084.799999999999999
2018-03-092018-03-096.3
2018-03-102018-03-108.700000000000001
2018-03-112018-03-119.100000000000001
2018-03-122018-03-129.3
2018-03-132018-03-138.8
2018-03-142018-03-146.399999999999999
2018-03-152018-03-155.0
2018-03-162018-03-166.100000000000001
2018-03-172018-03-176.9
2018-03-182018-03-182.7
2018-03-192018-03-192.6
2018-03-202018-03-202.0
2018-03-212018-03-215.499999999999999
2018-03-222018-03-224.0
2018-03-232018-03-234.1
2018-03-242018-03-244.4
2018-03-252018-03-256.199999999999999
2018-03-262018-03-263.3
2018-03-272018-03-273.2
2018-03-282018-03-284.5
2018-03-292018-03-291.4000000000000001
2018-03-302018-03-301.6
2018-03-312018-03-312.0999999999999996
2018-04-012018-04-012.1
2018-04-022018-04-020.8
2018-04-032018-04-032.5
2018-04-042018-04-040.4
2018-04-052018-04-052.7
2018-04-062018-04-062.3
2018-04-072018-04-076.0
2018-04-082018-04-086.3999999999999995
2018-04-092018-04-094.0
2018-04-102018-04-101.6
2018-04-112018-04-111.9
2018-04-122018-04-122.7
2018-04-132018-04-134.8999999999999995
2018-04-142018-04-141.0999999999999999
2018-04-152018-04-152.9
2018-04-162018-04-166.0
2018-04-172018-04-170.0
2018-04-182018-04-185.1000000000000005
2018-04-192018-04-194.1
2018-04-202018-04-204.799999999999999
2018-04-212018-04-216.1000000000000005
2018-04-222018-04-224.3
2018-04-232018-04-230.30000000000000004
2018-04-242018-04-247.7
2018-04-252018-04-252.0
2018-04-262018-04-260.0
2018-04-272018-04-273.6999999999999997
2018-04-282018-04-280.2
2018-04-292018-04-290.0
2018-04-302018-04-304.2
2018-05-012018-05-013.8000000000000003
2018-05-022018-05-026.800000000000001
2018-05-032018-05-034.2
2018-05-042018-05-042.4000000000000004
2018-05-052018-05-055.3999999999999995
2018-05-062018-05-060.5
2018-05-072018-05-070.0
2018-05-082018-05-081.1
2018-05-092018-05-091.5000000000000002
2018-05-102018-05-104.199999999999999
2018-05-112018-05-114.5
2018-05-122018-05-122.8
2018-05-132018-05-130.0
2018-05-142018-05-143.9
2018-05-152018-05-157.0
2018-05-162018-05-164.5
2018-05-172018-05-173.0999999999999996
2018-05-182018-05-180.5
2018-05-192018-05-194.8999999999999995
2018-05-202018-05-202.5000000000000004
2018-05-212018-05-212.5
2018-05-222018-05-226.0
2018-05-232018-05-231.0
2018-05-242018-05-244.6
2018-05-252018-05-253.0000000000000004
2018-05-262018-05-263.0000000000000004
2018-05-272018-05-272.1
2018-05-282018-05-280.0
2018-05-292018-05-295.3999999999999995
2018-05-302018-05-302.7
2018-05-312018-05-315.3
2018-06-012018-06-010.0
2018-06-022018-06-023.4000000000000004
2018-06-032018-06-033.2
2018-06-042018-06-044.6
2018-06-052018-06-052.0
2018-06-062018-06-065.1000000000000005
2018-06-072018-06-074.4
2018-06-082018-06-086.5
2018-06-092018-06-095.8
2018-06-102018-06-102.1
2018-06-112018-06-113.0
2018-06-122018-06-124.6
2018-06-132018-06-132.0
2018-06-142018-06-144.2
2018-06-152018-06-154.8
2018-06-162018-06-166.3
2018-06-172018-06-174.6
2018-06-182018-06-184.3
2018-06-192018-06-196.500000000000001
2018-06-202018-06-204.9
2018-06-212018-06-216.8999999999999995
2018-06-222018-06-226.000000000000001
2018-06-232018-06-233.1
2018-06-242018-06-243.4000000000000004
2018-06-252018-06-253.3000000000000003
2018-06-262018-06-261.8000000000000003
2018-06-272018-06-274.3
2018-06-282018-06-283.4
2018-06-292018-06-290.0
2018-06-302018-06-300.0
2018-07-012018-07-010.0
2018-07-022018-07-020.0
2018-07-032018-07-030.0
2018-07-042018-07-040.0
2018-07-052018-07-050.0
2018-07-062018-07-060.0
2018-07-072018-07-070.0
2018-07-082018-07-080.0
2018-07-092018-07-090.0
2018-07-102018-07-100.0
2018-07-112018-07-110.0
2018-07-122018-07-120.0
2018-07-132018-07-130.0
2018-07-142018-07-140.0
2018-07-152018-07-150.0
2018-07-162018-07-160.0
2018-07-172018-07-170.0
2018-07-182018-07-180.0
2018-07-192018-07-190.0
2018-07-202018-07-200.0
2018-07-212018-07-210.0
2018-07-222018-07-220.0
2018-07-232018-07-230.0
2018-07-242018-07-240.0
2018-07-252018-07-250.0
2018-07-262018-07-260.0
2018-07-272018-07-270.0
2018-07-282018-07-280.0
2018-07-292018-07-290.0
2018-07-302018-07-300.0
2018-07-312018-07-310.0
2018-08-012018-08-010.0
2018-08-022018-08-020.0
2018-08-032018-08-030.0
2018-08-042018-08-040.0
2018-08-052018-08-050.0
2018-08-062018-08-060.0
2018-08-072018-08-070.0
2018-08-082018-08-080.0
2018-08-092018-08-090.0
2018-08-102018-08-100.0
2018-08-112018-08-110.0
2018-08-122018-08-120.0
2018-08-132018-08-130.0
2018-08-142018-08-140.0
2018-08-152018-08-150.0
2018-08-162018-08-160.0
2018-08-172018-08-170.0
2018-08-182018-08-180.0
2018-08-192018-08-190.0
2018-08-202018-08-200.0
2018-08-212018-08-210.0
2018-08-222018-08-220.0
2018-08-232018-08-230.0
2018-08-242018-08-240.0
2018-08-252018-08-250.0
2018-08-262018-08-260.0
2018-08-272018-08-270.0
2018-08-282018-08-280.0
2018-08-292018-08-290.0
2018-08-302018-08-300.0
2018-08-312018-08-310.0
2018-09-012018-09-010.0
2018-09-022018-09-020.0
2018-09-032018-09-030.0
2018-09-042018-09-040.0
2018-09-052018-09-050.0
2018-09-062018-09-060.0
2018-09-072018-09-070.0
2018-09-082018-09-080.0
2018-09-092018-09-095.8999999999999995
2018-09-102018-09-108.1
2018-09-112018-09-113.7000000000000006
2018-09-122018-09-120.7
2018-09-132018-09-132.1
2018-09-142018-09-140.6000000000000001
2018-09-152018-09-150.0
2018-09-162018-09-161.5
2018-09-172018-09-177.9
2018-09-182018-09-186.300000000000001
2018-09-192018-09-195.8999999999999995
2018-09-202018-09-209.500000000000002
2018-09-212018-09-214.1000000000000005
2018-09-222018-09-225.9
2018-09-232018-09-236.7
2018-09-242018-09-247.1000000000000005
2018-09-252018-09-253.2
2018-09-262018-09-263.9999999999999996
2018-09-272018-09-273.3000000000000003
2018-09-282018-09-285.5
2018-09-292018-09-297.700000000000001
2018-09-302018-09-305.9
2018-10-012018-10-017.2
2018-10-022018-10-026.5
2018-10-032018-10-036.3
2018-10-042018-10-043.3
2018-10-052018-10-056.4
2018-10-062018-10-061.4000000000000001
2018-10-072018-10-073.8
2018-10-082018-10-081.3
2018-10-092018-10-093.2
2018-10-102018-10-107.1
2018-10-112018-10-112.6
2018-10-122018-10-127.800000000000001
2018-10-132018-10-133.9000000000000004
2018-10-142018-10-147.3
2018-10-152018-10-156.8
2018-10-162018-10-162.5
2018-10-172018-10-174.3999999999999995
2018-10-182018-10-184.3
2018-10-192018-10-193.8000000000000003
2018-10-202018-10-202.4000000000000004
2018-10-212018-10-212.0
2018-10-222018-10-224.4
2018-10-232018-10-235.1
2018-10-242018-10-243.0
2018-10-252018-10-252.3
2018-10-262018-10-262.4000000000000004
2018-10-272018-10-273.8
2018-10-282018-10-284.6
2018-10-292018-10-290.7000000000000001
2018-10-302018-10-304.6
2018-10-312018-10-317.599999999999999
2018-11-012018-11-014.6000000000000005
2018-11-022018-11-022.6
2018-11-032018-11-030.0
2018-11-042018-11-041.8000000000000003
2018-11-052018-11-050.8999999999999999
2018-11-062018-11-068.1
2018-11-072018-11-073.1
2018-11-082018-11-083.6
2018-11-092018-11-092.9000000000000004
2018-11-102018-11-104.5
2018-11-112018-11-110.7
2018-11-122018-11-122.3000000000000003
2018-11-132018-11-133.3000000000000003
2018-11-142018-11-143.0
2018-11-152018-11-154.5
2018-11-162018-11-160.8
2018-11-172018-11-173.3
2018-11-182018-11-184.7
2018-11-192018-11-194.199999999999999
2018-11-202018-11-205.2
2018-11-212018-11-210.7999999999999999
2018-11-222018-11-224.5
2018-11-232018-11-232.8000000000000003
2018-11-242018-11-242.7
2018-11-252018-11-252.8000000000000003
2018-11-262018-11-260.0
2018-11-272018-11-270.3
2018-11-282018-11-280.9000000000000001
2018-11-292018-11-292.8000000000000003
2018-11-302018-11-301.7000000000000002
2018-12-012018-12-015.800000000000001
2018-12-022018-12-022.7
2018-12-032018-12-034.0
2018-12-042018-12-044.5
2018-12-052018-12-050.1
2018-12-062018-12-066.3999999999999995
2018-12-072018-12-075.200000000000001
2018-12-082018-12-084.2
2018-12-092018-12-098.000000000000002
2018-12-102018-12-109.0
2018-12-112018-12-115.8999999999999995
2018-12-122018-12-125.300000000000001
2018-12-132018-12-134.300000000000001
2018-12-142018-12-141.2000000000000002
2018-12-152018-12-155.9
2018-12-162018-12-1610.4
2018-12-172018-12-178.9
2018-12-182018-12-185.3
2018-12-192018-12-193.5999999999999996
2018-12-202018-12-205.6000000000000005
2018-12-212018-12-214.7
2018-12-222018-12-221.5
2018-12-232018-12-236.7
2018-12-242018-12-245.3
2018-12-252018-12-2510.6
2018-12-262018-12-269.400000000000002
2018-12-272018-12-275.799999999999999
2018-12-282018-12-287.6
2018-12-292018-12-297.5
2018-12-302018-12-308.2
2018-12-312018-12-3110.7
2019-01-012019-01-0110.3
2019-01-022019-01-0210.799999999999999
2019-01-032019-01-035.699999999999999
2019-01-042019-01-0410.6
2019-01-052019-01-0510.299999999999999
2019-01-062019-01-067.3999999999999995
2019-01-072019-01-071.8
2019-01-082019-01-084.999999999999999
2019-01-092019-01-090.30000000000000004
2019-01-102019-01-103.2
2019-01-112019-01-114.299999999999999
2019-01-122019-01-127.2
2019-01-132019-01-130.30000000000000004
2019-01-142019-01-141.1
2019-01-152019-01-156.7
2019-01-162019-01-166.6
2019-01-172019-01-179.600000000000001
2019-01-182019-01-183.2
2019-01-192019-01-197.9
2019-01-202019-01-202.9000000000000004
2019-01-212019-01-217.5
2019-01-222019-01-229.6
2019-01-232019-01-237.700000000000001
2019-01-242019-01-246.8999999999999995
2019-01-252019-01-257.3
2019-01-262019-01-269.6
2019-01-272019-01-277.699999999999999
2019-01-282019-01-283.1999999999999997
2019-01-292019-01-294.699999999999999
2019-01-302019-01-304.1
2019-01-312019-01-312.3
2019-02-012019-02-010.0
2019-02-022019-02-028.0
2019-02-032019-02-037.7
2019-02-042019-02-041.5
2019-02-052019-02-054.1
2019-02-062019-02-068.0
2019-02-072019-02-074.199999999999999
2019-02-082019-02-080.5
2019-02-092019-02-092.9
2019-02-102019-02-103.2
2019-02-112019-02-113.8
2019-02-122019-02-124.800000000000001
2019-02-132019-02-139.700000000000001
2019-02-142019-02-147.9
2019-02-152019-02-158.799999999999999
2019-02-162019-02-168.8
2019-02-172019-02-174.6
2019-02-182019-02-182.1999999999999997
2019-02-192019-02-190.0
2019-02-202019-02-200.0
2019-02-212019-02-212.7
2019-02-222019-02-226.699999999999999
2019-02-232019-02-235.400000000000001
2019-02-242019-02-240.7
2019-02-252019-02-250.0
2019-02-262019-02-260.9999999999999999
2019-02-272019-02-272.4
2019-02-282019-02-288.0
2019-03-012019-03-015.0
2019-03-022019-03-024.0
2019-03-032019-03-032.3000000000000003
2019-03-042019-03-045.699999999999999
2019-03-052019-03-055.3
2019-03-062019-03-065.300000000000001
2019-03-072019-03-073.9999999999999996
2019-03-082019-03-084.3
2019-03-092019-03-096.699999999999999
2019-03-102019-03-105.0
2019-03-112019-03-113.6000000000000005
2019-03-122019-03-122.4000000000000004
2019-03-132019-03-136.9
2019-03-142019-03-142.9
2019-03-152019-03-153.4
2019-03-162019-03-167.6
2019-03-172019-03-171.1
2019-03-182019-03-186.199999999999999
2019-03-192019-03-190.0
2019-03-202019-03-204.5
2019-03-212019-03-211.4000000000000001
2019-03-222019-03-220.0
2019-03-232019-03-234.7
2019-03-242019-03-241.6
2019-03-252019-03-254.1
2019-03-262019-03-264.0
2019-03-272019-03-276.699999999999999
2019-03-282019-03-286.0
2019-03-292019-03-291.9000000000000001
2019-03-302019-03-302.3
2019-03-312019-03-313.7
2019-04-012019-04-011.7
2019-04-022019-04-022.5999999999999996
2019-04-032019-04-031.6
2019-04-042019-04-042.0
2019-04-052019-04-056.8
2019-04-062019-04-063.2
2019-04-072019-04-073.4
2019-04-082019-04-082.4999999999999996
2019-04-092019-04-097.799999999999999
2019-04-102019-04-103.0
2019-04-112019-04-113.1999999999999997
2019-04-122019-04-126.7
2019-04-132019-04-134.0
2019-04-142019-04-145.9
2019-04-152019-04-150.2
2019-04-162019-04-165.1000000000000005
2019-04-172019-04-172.4000000000000004
2019-04-182019-04-184.7
2019-04-192019-04-190.9
2019-04-202019-04-202.2
2019-04-212019-04-211.2
2019-04-222019-04-221.9
2019-04-232019-04-235.2
2019-04-242019-04-244.1
2019-04-252019-04-254.7
2019-04-262019-04-265.800000000000001
2019-04-272019-04-273.0999999999999996
2019-04-282019-04-280.8
2019-04-292019-04-292.4
2019-04-302019-04-302.1
2019-05-012019-05-0110.700000000000001
2019-05-022019-05-025.6
2019-05-032019-05-031.4000000000000001
2019-05-042019-05-047.4
2019-05-052019-05-056.3
2019-05-062019-05-063.5
2019-05-072019-05-076.6000000000000005
2019-05-082019-05-082.8
2019-05-092019-05-090.0
2019-05-102019-05-101.4000000000000001
2019-05-112019-05-113.4000000000000004
2019-05-122019-05-122.5
2019-05-132019-05-131.7
2019-05-142019-05-141.6
2019-05-152019-05-150.7000000000000001
2019-05-162019-05-164.0
2019-05-172019-05-171.7000000000000002
2019-05-182019-05-182.7
2019-05-192019-05-190.4
2019-05-202019-05-201.6999999999999997
2019-05-212019-05-212.2
2019-05-222019-05-225.5
2019-05-232019-05-230.30000000000000004
2019-05-242019-05-240.9
2019-05-252019-05-250.4
2019-05-262019-05-261.7000000000000002
2019-05-272019-05-275.1
2019-05-282019-05-280.1
2019-05-292019-05-292.6
2019-05-302019-05-300.1
2019-05-312019-05-312.5
2019-06-012019-06-010.9999999999999999
2019-06-022019-06-025.6
2019-06-032019-06-033.8
2019-06-042019-06-044.3
2019-06-052019-06-058.500000000000002
2019-06-062019-06-060.8999999999999999
2019-06-072019-06-070.5
2019-06-082019-06-085.500000000000001
2019-06-092019-06-091.9
2019-06-102019-06-103.0
2019-06-112019-06-111.7
2019-06-122019-06-125.6
2019-06-132019-06-135.8
2019-06-142019-06-146.0
2019-06-152019-06-155.1
2019-06-162019-06-163.2
2019-06-172019-06-178.299999999999999
2019-06-182019-06-188.8
2019-06-192019-06-193.5
2019-06-202019-06-206.199999999999999
2019-06-212019-06-213.6
2019-06-222019-06-224.8999999999999995
2019-06-232019-06-237.4
2019-06-242019-06-245.3
2019-06-252019-06-252.6999999999999997
2019-06-262019-06-268.7
2019-06-272019-06-278.5
2019-06-282019-06-287.6
2019-06-292019-06-299.100000000000001
2019-06-302019-06-304.9
2019-07-012019-07-013.8
2019-07-022019-07-025.7
2019-07-032019-07-032.0
2019-07-042019-07-044.1
2019-07-052019-07-055.3
2019-07-062019-07-069.899999999999999
2019-07-072019-07-075.3999999999999995
2019-07-082019-07-083.1
2019-07-092019-07-093.6999999999999997
2019-07-102019-07-106.300000000000001
2019-07-112019-07-118.900000000000002
2019-07-122019-07-126.199999999999999
2019-07-132019-07-132.9
2019-07-142019-07-144.499999999999999
2019-07-152019-07-150.0
2019-07-162019-07-160.0
2019-07-172019-07-170.0
2019-07-182019-07-180.0
2019-07-192019-07-190.0
2019-07-202019-07-200.0
2019-07-212019-07-210.0
2019-07-222019-07-220.0
2019-07-232019-07-230.0
2019-07-242019-07-240.0
2019-07-252019-07-250.0
2019-07-262019-07-260.0
2019-07-272019-07-270.0
2019-07-282019-07-280.0
2019-07-292019-07-290.0
2019-07-302019-07-300.0
2019-07-312019-07-310.0
2019-08-012019-08-010.0
2019-08-022019-08-020.0
2019-08-032019-08-034.1000000000000005
2019-08-042019-08-043.1000000000000005
2019-08-052019-08-0510.4
2019-08-062019-08-067.699999999999999
2019-08-072019-08-079.1
2019-08-082019-08-085.1
2019-08-092019-08-098.2
2019-08-102019-08-109.600000000000001
2019-08-112019-08-117.0
2019-08-122019-08-1210.500000000000002
2019-08-132019-08-134.2
2019-08-142019-08-146.6
2019-08-152019-08-154.8
2019-08-162019-08-164.4
2019-08-172019-08-173.1
2019-08-182019-08-186.599999999999999
2019-08-192019-08-194.7
2019-08-202019-08-206.199999999999999
2019-08-212019-08-219.700000000000001
2019-08-222019-08-226.8999999999999995
2019-08-232019-08-2310.3
2019-08-242019-08-248.9
2019-08-252019-08-257.3999999999999995
2019-08-262019-08-267.6000000000000005
2019-08-272019-08-277.499999999999999
2019-08-282019-08-284.8999999999999995
2019-08-292019-08-297.800000000000001
2019-08-302019-08-308.700000000000001
2019-08-312019-08-312.5
2019-09-012019-09-010.0
2019-09-022019-09-020.0
2019-09-032019-09-030.0
2019-09-042019-09-040.0
2019-09-052019-09-050.0
2019-09-062019-09-060.0
2019-09-072019-09-078.799999999999999
2019-09-082019-09-0810.3
2019-09-092019-09-096.3999999999999995
2019-09-102019-09-105.7
2019-09-112019-09-116.499999999999999
2019-09-122019-09-125.699999999999999
2019-09-132019-09-133.3000000000000003
2019-09-142019-09-145.5
2019-09-152019-09-151.4
2019-09-162019-09-165.799999999999999
2019-09-172019-09-174.1000000000000005
2019-09-182019-09-180.6
2019-09-192019-09-190.9
2019-09-202019-09-200.0
2019-09-212019-09-215.699999999999999
2019-09-222019-09-221.2000000000000002
2019-09-232019-09-233.9000000000000004
2019-09-242019-09-244.199999999999999
2019-09-252019-09-256.8
2019-09-262019-09-266.9
2019-09-272019-09-276.1000000000000005
2019-09-282019-09-285.3
2019-09-292019-09-291.2999999999999998
2019-09-302019-09-305.8999999999999995
2019-10-012019-10-015.4
2019-10-022019-10-022.5
2019-10-032019-10-031.0
2019-10-042019-10-042.7
2019-10-052019-10-054.1
2019-10-062019-10-063.3000000000000003
2019-10-072019-10-076.5
2019-10-082019-10-082.7
2019-10-092019-10-095.1
2019-10-102019-10-103.2
2019-10-112019-10-117.3999999999999995
2019-10-122019-10-126.1000000000000005
2019-10-132019-10-134.1
2019-10-142019-10-145.3
2019-10-152019-10-151.9
2019-10-162019-10-161.5
2019-10-172019-10-175.2
2019-10-182019-10-184.6
2019-10-192019-10-193.2
2019-10-202019-10-203.5
2019-10-212019-10-213.1999999999999997
2019-10-222019-10-224.1000000000000005
2019-10-232019-10-234.5
2019-10-242019-10-242.4000000000000004
2019-10-252019-10-253.1
2019-10-262019-10-265.4
2019-10-272019-10-274.7
2019-10-282019-10-285.5
2019-10-292019-10-290.8999999999999999
2019-10-302019-10-303.1999999999999997
2019-10-312019-10-312.2
2019-11-012019-11-010.0
2019-11-022019-11-020.0
2019-11-032019-11-030.0
2019-11-042019-11-040.0
2019-11-052019-11-050.0
2019-11-062019-11-060.0
2019-11-072019-11-070.0
2019-11-082019-11-080.0
2019-11-092019-11-090.0
2019-11-102019-11-100.0
2019-11-112019-11-110.0
2019-11-122019-11-120.0
2019-11-132019-11-130.0
2019-11-142019-11-140.0
2019-11-152019-11-150.0
2019-11-162019-11-160.0
2019-11-172019-11-170.0
2019-11-182019-11-180.0
2019-11-192019-11-190.0
2019-11-202019-11-200.0
2019-11-212019-11-210.0
2019-11-222019-11-220.0
2019-11-232019-11-230.0
2019-11-242019-11-240.0
2019-11-252019-11-250.0
2019-11-262019-11-260.0
2019-11-272019-11-270.0
2019-11-282019-11-280.0
2019-11-292019-11-290.0
2019-11-302019-11-300.0
2019-12-012019-12-014.300000000000001
2019-12-022019-12-029.2
2019-12-032019-12-034.800000000000001
2019-12-042019-12-044.699999999999999
2019-12-052019-12-055.800000000000001
2019-12-062019-12-060.7
2019-12-072019-12-071.4000000000000001
2019-12-082019-12-083.7
2019-12-092019-12-095.8
2019-12-102019-12-105.1
2019-12-112019-12-113.9999999999999996
2019-12-122019-12-121.4
2019-12-132019-12-134.1000000000000005
2019-12-142019-12-143.8
2019-12-152019-12-151.4
2019-12-162019-12-166.1
2019-12-172019-12-173.6999999999999997
2019-12-182019-12-184.4
2019-12-192019-12-195.499999999999999
2019-12-202019-12-203.9000000000000004
2019-12-212019-12-217.0
2019-12-222019-12-226.199999999999999
2019-12-232019-12-233.5000000000000004
2019-12-242019-12-242.9
2019-12-252019-12-259.6
2019-12-262019-12-266.199999999999999
2019-12-272019-12-274.7
2019-12-282019-12-285.8999999999999995
2019-12-292019-12-294.0
2019-12-302019-12-304.0
2019-12-312019-12-315.8
2020-01-012020-01-014.1000000000000005
2020-01-022020-01-024.8
2020-01-032020-01-036.2
2020-01-042020-01-046.6000000000000005
2020-01-052020-01-058.299999999999999
2020-01-062020-01-067.299999999999999
2020-01-072020-01-076.800000000000001
2020-01-082020-01-089.5
2020-01-092020-01-099.1
2020-01-102020-01-107.8
2020-01-112020-01-115.700000000000001
2020-01-122020-01-125.5
2020-01-132020-01-137.699999999999999
2020-01-142020-01-148.900000000000002
2020-01-152020-01-159.7
2020-01-162020-01-169.2
2020-01-172020-01-177.500000000000001
2020-01-182020-01-188.500000000000002
2020-01-192020-01-195.299999999999998
2020-01-202020-01-202.7
2020-01-212020-01-211.3
2020-01-222020-01-220.6
2020-01-232020-01-234.1000000000000005
2020-01-242020-01-245.000000000000001
2020-01-252020-01-255.299999999999999
2020-01-262020-01-264.300000000000001
2020-01-272020-01-273.6
2020-01-282020-01-284.3999999999999995
2020-01-292020-01-292.0
2020-01-302020-01-304.2
2020-01-312020-01-312.5999999999999996
2020-02-012020-02-015.7
2020-02-022020-02-022.5
2020-02-032020-02-034.3
2020-02-042020-02-049.9
2020-02-052020-02-059.9
2020-02-062020-02-0610.2
2020-02-072020-02-075.2
2020-02-082020-02-083.9000000000000004
2020-02-092020-02-093.1000000000000005
2020-02-102020-02-105.2
2020-02-112020-02-119.8
2020-02-122020-02-128.1
2020-02-132020-02-139.600000000000001
2020-02-142020-02-147.8
2020-02-152020-02-158.200000000000001
2020-02-162020-02-169.0
2020-02-172020-02-1710.0
2020-02-182020-02-188.3
2020-02-192020-02-197.7
2020-02-202020-02-202.3000000000000003
2020-02-212020-02-213.3
2020-02-222020-02-221.4
2020-02-232020-02-234.0
2020-02-242020-02-243.4
2020-02-252020-02-252.3
2020-02-262020-02-261.1
2020-02-272020-02-271.6999999999999997
2020-02-282020-02-281.5
2020-02-294.6
2020-03-012020-03-015.6000000000000005
2020-03-022020-03-023.4
2020-03-032020-03-036.2
2020-03-042020-03-046.800000000000001
2020-03-052020-03-054.699999999999999
2020-03-062020-03-065.1
2020-03-072020-03-073.100000000000001
2020-03-082020-03-086.3999999999999995
2020-03-092020-03-095.3
2020-03-102020-03-104.8
2020-03-112020-03-113.0999999999999996
2020-03-122020-03-122.6999999999999997
2020-03-132020-03-134.4
2020-03-142020-03-142.2
2020-03-152020-03-153.4000000000000004
2020-03-162020-03-160.1
2020-03-172020-03-173.3000000000000003
2020-03-182020-03-187.2
2020-03-192020-03-196.1000000000000005
2020-03-202020-03-204.5
2020-03-212020-03-218.5
2020-03-222020-03-229.3
2020-03-232020-03-235.3
2020-03-242020-03-242.0
2020-03-252020-03-252.2
2020-03-262020-03-263.4
2020-03-272020-03-273.3
2020-03-282020-03-284.3
2020-03-292020-03-292.4
2020-03-302020-03-300.5
2020-03-312020-03-312.0000000000000004
2020-04-012020-04-011.8
2020-04-022020-04-024.999999999999999
2020-04-032020-04-037.300000000000001
2020-04-042020-04-047.7
2020-04-052020-04-054.6
2020-04-062020-04-062.3000000000000003
2020-04-072020-04-072.3
2020-04-082020-04-083.6999999999999997
2020-04-092020-04-090.7
2020-04-102020-04-103.9999999999999996
2020-04-112020-04-110.2
2020-04-122020-04-120.1
2020-04-132020-04-131.5999999999999999
2020-04-142020-04-142.4
2020-04-152020-04-151.5
2020-04-162020-04-161.1
2020-04-172020-04-173.6
2020-04-182020-04-181.9000000000000001
2020-04-192020-04-195.5
2020-04-202020-04-207.299999999999999
2020-04-212020-04-215.2
2020-04-222020-04-223.3000000000000003
2020-04-232020-04-232.9
2020-04-242020-04-243.8000000000000003
2020-04-252020-04-255.5
2020-04-262020-04-269.3
2020-04-272020-04-274.6
2020-04-282020-04-284.4
2020-04-292020-04-294.3999999999999995
2020-04-302020-04-303.6
2020-05-01
2020-05-02
2020-05-03
2020-05-04
2020-05-05
2020-05-06
2020-05-07
2020-05-08
2020-05-09
2020-05-10
2020-05-11
2020-05-12
2020-05-13
2020-05-14
2020-05-15
2020-05-16
2020-05-17
2020-05-18
2020-05-19
2020-05-20
2020-05-21
2020-05-22
2020-05-23
2020-05-24
2020-05-25
2020-05-26
2020-05-27
2020-05-28
2020-05-29
2020-05-30
2020-05-31
2020-06-01
2020-06-02
2020-06-03
2020-06-04
2020-06-05
2020-06-06
2020-06-07
2020-06-08
2020-06-09
2020-06-10
2020-06-11
2020-06-12
2020-06-13
2020-06-14
2020-06-15
2020-06-16
2020-06-17
2020-06-18
2020-06-19
2020-06-20
2020-06-21
2020-06-22
2020-06-23
2020-06-24
2020-06-25
2020-06-26
2020-06-27
2020-06-28
2020-06-29
2020-06-30
