,Fecha,humedad_relativa
0,2006-03-01,60.0
3,2006-03-02,60.666666666666664
6,2006-03-03,75.66666666666667
9,2006-03-04,70.66666666666667
12,2006-03-05,77.0
15,2006-03-06,78.33333333333333
18,2006-03-07,86.66666666666667
21,2006-03-08,84.66666666666667
24,2006-03-09,79.33333333333333
27,2006-03-10,77.0
30,2006-03-11,79.0
33,2006-03-12,76.33333333333333
36,2006-03-13,77.66666666666667
39,2006-03-14,72.33333333333333
42,2006-03-15,82.0
45,2006-03-16,76.33333333333333
48,2006-03-17,79.33333333333333
51,2006-03-18,82.33333333333333
54,2006-03-19,81.66666666666667
57,2006-03-20,76.66666666666667
60,2006-03-21,75.0
63,2006-03-22,80.0
66,2006-03-23,80.0
69,2006-03-24,84.0
72,2006-03-25,83.66666666666667
75,2006-03-26,68.66666666666667
78,2006-03-27,76.0
81,2006-03-28,66.66666666666667
84,2006-03-29,57.0
87,2006-03-30,74.66666666666667
90,2006-03-31,78.66666666666667
93,2006-04-01,77.0
96,2006-04-02,88.0
99,2006-04-03,77.33333333333333
102,2006-04-04,93.0
105,2006-04-05,81.66666666666667
108,2006-04-06,79.66666666666667
111,2006-04-07,75.66666666666667
114,2006-04-08,78.33333333333333
117,2006-04-09,78.33333333333333
120,2006-04-10,75.66666666666667
123,2006-04-11,84.0
126,2006-04-12,82.66666666666667
129,2006-04-13,74.66666666666667
132,2006-04-14,90.66666666666667
135,2006-04-15,79.0
138,2006-04-16,80.0
141,2006-04-17,90.0
144,2006-04-18,78.33333333333333
147,2006-04-19,80.0
150,2006-04-20,83.0
153,2006-04-21,69.66666666666667
156,2006-04-22,67.0
159,2006-04-23,91.0
162,2006-04-24,85.0
165,2006-04-25,92.0
168,2006-04-26,88.66666666666667
171,2006-04-27,92.66666666666667
174,2006-04-28,69.66666666666667
177,2006-04-29,86.0
180,2006-04-30,87.0
183,2006-05-01,82.66666666666667
186,2006-05-02,81.33333333333333
189,2006-05-03,81.66666666666667
192,2006-05-04,79.0
195,2006-05-05,85.33333333333333
198,2006-05-06,86.0
201,2006-05-07,90.33333333333333
204,2006-05-08,84.66666666666667
207,2006-05-09,84.66666666666667
210,2006-05-10,83.66666666666667
213,2006-05-11,75.66666666666667
216,2006-05-12,82.33333333333333
219,2006-05-13,71.33333333333333
222,2006-05-14,63.333333333333336
225,2006-05-15,60.666666666666664
228,2006-06-08,85.66666666666667
231,2006-06-09,91.33333333333333
234,2006-06-10,86.33333333333333
237,2006-06-11,78.0
240,2006-06-12,76.0
243,2006-06-13,72.0
246,2006-06-14,74.33333333333333
249,2006-06-15,76.0
252,2006-06-16,72.33333333333333
255,2006-06-17,65.0
258,2006-06-18,61.666666666666664
261,2006-06-19,58.333333333333336
264,2006-06-20,73.33333333333333
267,2006-06-21,77.5
269,2006-06-22,66.33333333333333
272,2006-06-23,64.0
275,2006-06-24,54.666666666666664
278,2006-06-25,64.33333333333333
281,2006-06-26,65.0
284,2006-06-27,63.666666666666664
287,2006-06-28,53.333333333333336
290,2006-06-29,50.333333333333336
293,2006-06-30,54.666666666666664
296,2006-07-01,53.0
299,2006-07-02,56.0
302,2006-07-03,57.0
305,2006-07-04,53.666666666666664
308,2006-07-05,60.666666666666664
311,2006-07-06,64.0
314,2006-07-07,58.0
317,2006-07-08,62.333333333333336
320,2006-07-09,56.666666666666664
323,2006-07-10,53.666666666666664
326,2006-07-11,58.666666666666664
329,2006-07-12,57.666666666666664
332,2006-07-13,63.666666666666664
335,2006-07-14,61.666666666666664
338,2006-07-15,68.33333333333333
341,2006-07-16,62.333333333333336
344,2006-07-17,61.333333333333336
347,2006-07-18,57.333333333333336
350,2006-07-19,58.666666666666664
353,2006-07-20,62.0
356,2006-07-21,71.66666666666667
359,2006-07-22,83.66666666666667
362,2006-07-23,72.33333333333333
365,2006-07-24,70.33333333333333
368,2006-07-25,59.666666666666664
371,2006-07-26,68.66666666666667
374,2006-07-27,70.0
377,2006-07-28,89.0
380,2006-07-29,75.33333333333333
383,2006-07-30,67.66666666666667
386,2006-07-31,52.0
389,2008-06-02,83.33333333333333
392,2008-06-03,90.33333333333333
395,2008-06-04,85.33333333333333
398,2008-06-05,80.33333333333333
401,2008-06-06,85.66666666666667
404,2008-06-07,92.66666666666667
407,2008-06-08,83.33333333333333
410,2008-06-09,80.0
413,2008-06-10,75.33333333333333
416,2008-06-11,71.0
419,2008-06-12,77.66666666666667
422,2008-06-13,82.0
425,2008-06-14,83.33333333333333
428,2008-06-16,78.33333333333333
431,2008-06-17,86.0
434,2008-06-18,87.66666666666667
437,2008-06-19,78.66666666666667
440,2008-06-20,81.66666666666667
443,2008-06-21,85.33333333333333
446,2008-06-22,89.66666666666667
449,2008-06-23,89.66666666666667
452,2008-06-24,97.33333333333333
455,2008-06-25,82.66666666666667
458,2008-06-26,77.66666666666667
461,2008-06-27,69.33333333333333
464,2008-06-28,72.66666666666667
467,2008-06-29,78.66666666666667
470,2008-06-30,87.0
473,2008-07-01,85.33333333333333
476,2008-07-02,85.0
479,2008-07-03,88.33333333333333
482,2008-07-04,88.0
485,2008-07-05,83.66666666666667
488,2008-07-06,80.33333333333333
491,2008-07-07,84.0
494,2008-07-08,90.33333333333333
497,2008-07-09,85.33333333333333
500,2008-07-10,88.33333333333333
503,2008-07-11,69.33333333333333
506,2008-07-12,79.0
509,2008-07-13,85.33333333333333
512,2008-07-14,87.66666666666667
515,2008-07-15,86.0
518,2008-07-16,74.33333333333333
521,2008-07-17,76.66666666666667
524,2008-07-18,84.33333333333333
527,2008-07-19,81.0
530,2008-07-20,79.0
532,2008-07-24,79.0
534,2008-07-25,74.33333333333333
537,2008-07-26,80.66666666666667
540,2008-07-27,76.66666666666667
543,2008-07-28,76.0
546,2008-07-29,76.66666666666667
549,2008-07-30,92.66666666666667
552,2008-07-31,80.0
555,2008-08-02,87.5
557,2008-08-03,77.33333333333333
560,2008-08-04,76.66666666666667
563,2008-08-05,76.0
566,2008-08-06,77.0
569,2008-08-07,65.0
572,2008-08-08,70.5
574,2008-08-09,65.33333333333333
577,2008-08-10,81.33333333333333
580,2008-08-11,87.66666666666667
583,2008-08-12,79.66666666666667
586,2008-08-13,81.66666666666667
589,2008-08-14,80.33333333333333
592,2008-08-15,69.33333333333333
595,2008-08-16,82.0
598,2008-08-17,79.33333333333333
601,2008-08-18,91.66666666666667
604,2008-08-19,89.33333333333333
607,2008-08-20,81.33333333333333
610,2008-08-21,85.33333333333333
613,2008-08-22,83.0
616,2008-08-23,78.0
619,2008-08-24,82.0
621,2008-08-25,72.33333333333333
624,2008-08-26,69.66666666666667
627,2008-08-27,81.66666666666667
630,2008-08-28,86.0
632,2008-08-29,93.0
634,2008-08-30,90.0
636,2008-09-01,72.5
638,2008-09-02,87.0
641,2008-09-03,89.33333333333333
644,2008-09-04,77.33333333333333
647,2008-09-05,83.33333333333333
650,2008-09-06,77.0
653,2008-09-07,75.66666666666667
656,2008-09-08,71.0
658,2008-09-10,58.333333333333336
661,2008-09-11,61.0
664,2008-09-12,57.0
667,2008-09-13,60.0
670,2008-09-14,78.5
672,2008-09-15,81.66666666666667
675,2008-09-16,83.66666666666667
678,2008-09-17,65.33333333333333
681,2008-09-18,85.0
683,2008-09-19,84.66666666666667
686,2008-09-20,81.66666666666667
689,2008-09-21,79.66666666666667
692,2008-09-22,83.66666666666667
695,2008-09-23,72.66666666666667
698,2008-09-24,79.33333333333333
701,2008-09-25,71.0
704,2008-09-26,61.333333333333336
707,2008-09-27,81.0
710,2008-09-28,80.66666666666667
713,2008-09-29,80.0
715,2008-09-30,80.0
718,2008-10-01,81.66666666666667
721,2008-10-02,81.66666666666667
724,2008-10-03,76.66666666666667
727,2008-10-04,78.0
730,2008-10-05,80.33333333333333
733,2008-10-06,80.0
736,2008-10-07,83.0
739,2008-10-08,60.666666666666664
742,2008-10-09,82.0
745,2008-10-10,94.66666666666667
748,2008-10-11,79.33333333333333
751,2008-10-12,79.33333333333333
754,2008-10-13,96.66666666666667
757,2008-10-14,84.66666666666667
760,2008-10-15,78.33333333333333
763,2008-10-16,82.0
766,2008-10-17,82.0
769,2008-10-18,85.66666666666667
772,2008-10-19,83.66666666666667
775,2008-10-20,86.33333333333333
778,2008-10-21,87.0
781,2008-10-22,83.33333333333333
784,2008-10-23,86.33333333333333
787,2008-10-24,79.0
790,2008-10-25,83.0
793,2008-10-26,86.33333333333333
796,2008-11-11,80.66666666666667
799,2008-11-12,86.0
802,2008-11-13,86.33333333333333
805,2008-11-14,84.0
808,2008-11-15,77.0
811,2008-11-16,82.66666666666667
814,2008-11-17,86.0
817,2008-11-18,79.66666666666667
820,2008-11-19,85.33333333333333
823,2008-11-20,86.0
826,2008-11-21,85.0
829,2008-11-22,85.0
832,2008-11-23,87.33333333333333
835,2008-11-24,88.0
838,2008-11-25,85.33333333333333
841,2008-11-26,95.33333333333333
844,2008-11-27,81.0
847,2008-11-28,78.0
850,2008-11-29,76.33333333333333
853,2008-11-30,79.66666666666667
856,2008-12-02,95.0
859,2008-12-03,82.33333333333333
862,2008-12-04,81.0
865,2008-12-05,81.0
868,2008-12-06,80.0
871,2008-12-07,86.0
874,2008-12-08,80.33333333333333
877,2008-12-09,74.0
880,2008-12-10,77.33333333333333
883,2008-12-11,80.66666666666667
886,2008-12-12,81.0
889,2008-12-13,83.33333333333333
892,2008-12-14,86.33333333333333
895,2008-12-15,81.66666666666667
898,2008-12-16,89.0
901,2008-12-17,75.0
904,2008-12-18,79.0
907,2008-12-19,90.66666666666667
910,2008-12-20,74.33333333333333
913,2008-12-21,76.33333333333333
916,2008-12-22,87.33333333333333
919,2008-12-23,85.66666666666667
922,2008-12-24,80.0
925,2008-12-25,81.33333333333333
928,2008-12-26,90.0
931,2008-12-27,80.0
934,2008-12-28,83.33333333333333
937,2008-12-29,85.0
940,2008-12-30,85.0
943,2008-12-31,79.5
945,2009-03-02,77.33333333333333
948,2009-03-03,80.0
950,2009-03-04,85.0
953,2009-03-05,70.66666666666667
956,2009-03-06,69.66666666666667
959,2009-03-07,74.66666666666667
962,2009-03-08,68.66666666666667
965,2009-03-09,76.33333333333333
968,2009-03-10,78.33333333333333
971,2009-03-11,76.33333333333333
974,2009-03-12,94
975,2009-03-13,87.5
977,2009-03-14,78.0
980,2009-03-15,78.66666666666667
983,2009-03-16,79.33333333333333
986,2009-03-17,90.0
989,2009-03-18,83.33333333333333
992,2009-03-19,88.33333333333333
995,2009-03-20,82.0
998,2009-03-21,82.33333333333333
1001,2009-03-22,75.66666666666667
1004,2009-03-23,86.33333333333333
1007,2009-03-24,74.0
1010,2009-03-25,78.33333333333333
1013,2009-03-26,80.66666666666667
1016,2009-03-27,72.33333333333333
1019,2009-03-28,81.33333333333333
1022,2009-03-29,82.0
1025,2009-03-30,74.66666666666667
1028,2009-03-31,77.0
1031,2009-04-01,79.33333333333333
1034,2009-04-02,70.66666666666667
1037,2009-04-03,67.0
1040,2009-04-04,65.66666666666667
1043,2009-04-05,74.33333333333333
1046,2009-04-06,71.0
1048,2009-04-07,82.33333333333333
1051,2009-04-08,89.33333333333333
1054,2009-04-09,78.0
1057,2009-04-10,82.66666666666667
1060,2009-04-11,79.33333333333333
1063,2009-04-12,81.33333333333333
1066,2009-04-13,76.66666666666667
1069,2009-04-14,81.66666666666667
1072,2009-04-15,80.33333333333333
1075,2009-04-16,61.666666666666664
1078,2009-04-17,70.66666666666667
1081,2009-04-18,64.0
1084,2009-04-19,69.66666666666667
1087,2009-04-20,65.0
1090,2009-04-21,80.33333333333333
1093,2009-04-22,69.33333333333333
1096,2009-04-23,73.0
1099,2009-04-24,73.33333333333333
1102,2009-04-25,70.33333333333333
1105,2009-04-26,70.66666666666667
1108,2009-04-27,74.0
1111,2009-04-28,74.0
1114,2009-04-29,75.0
1117,2009-04-30,83.33333333333333
1120,2009-05-01,81.33333333333333
1123,2009-05-02,84.33333333333333
1126,2009-05-03,86.0
1129,2009-05-04,79.33333333333333
1132,2009-05-05,69.66666666666667
1135,2009-05-06,77.0
1138,2009-05-07,74.0
1141,2009-05-08,72.0
1144,2009-05-09,71.5
1146,2009-05-10,69.0
1148,2009-05-11,83.33333333333333
1151,2009-05-12,72.0
1154,2009-05-13,83.66666666666667
1157,2009-05-14,71.33333333333333
1160,2009-05-15,77.0
1163,2009-05-16,85.33333333333333
1166,2009-05-17,72.33333333333333
1169,2009-05-18,68.66666666666667
1172,2009-05-19,71.33333333333333
1175,2009-05-20,61.5
1177,2009-05-22,68.33333333333333
1180,2009-05-23,72.33333333333333
1183,2009-05-24,77.66666666666667
1186,2009-05-25,77.33333333333333
1189,2009-05-26,70.66666666666667
1192,2009-05-27,74.33333333333333
1195,2009-05-28,79.0
1198,2009-05-29,89.0
1201,2009-05-30,75.33333333333333
1204,2009-05-31,74.33333333333333
1207,2009-07-01,72.33333333333333
1210,2009-07-02,70.0
1213,2009-07-03,79.33333333333333
1216,2009-07-04,75.0
1219,2009-07-05,68.66666666666667
1222,2009-07-06,69.33333333333333
1225,2009-07-07,56.666666666666664
1228,2009-07-08,72.33333333333333
1231,2009-07-09,63.0
1233,2009-07-10,60.0
1235,2009-07-11,71.0
1238,2009-07-12,71.0
1240,2009-07-13,63.0
1242,2009-07-14,54.666666666666664
1245,2009-07-15,54.0
1248,2009-07-16,53.0
1251,2009-07-17,52.333333333333336
1254,2009-07-18,57.0
1257,2009-07-19,60.333333333333336
1260,2009-07-20,77.0
1263,2009-07-21,87.66666666666667
1266,2009-07-22,83.0
1269,2009-07-23,80.0
1272,2009-07-24,54.333333333333336
1275,2009-07-25,65.0
1277,2009-07-26,54.333333333333336
1280,2009-07-27,80.0
1282,2009-07-28,58.333333333333336
1285,2009-07-29,57.666666666666664
1288,2009-07-30,59.666666666666664
1291,2009-07-31,65.0
1294,2009-08-01,60.666666666666664
1297,2009-08-02,57.666666666666664
1300,2009-08-03,55.666666666666664
1303,2009-08-04,58.666666666666664
1306,2009-08-05,79.0
1309,2009-08-06,77.33333333333333
1312,2009-08-07,72.5
1314,2009-08-08,71.66666666666667
1317,2009-08-09,79.0
1319,2009-08-10,54.0
1322,2009-08-11,56.666666666666664
1325,2009-08-12,70.0
1328,2009-08-13,59.333333333333336
1331,2009-08-14,60.0
1334,2009-08-15,63.333333333333336
1337,2009-08-16,81.66666666666667
1340,2009-08-17,84.0
1343,2009-08-18,76.66666666666667
1346,2009-08-19,78.33333333333333
1349,2009-08-20,81.0
1352,2009-08-21,74.66666666666667
1355,2009-08-22,71.66666666666667
1358,2009-08-23,80.0
1361,2009-08-24,78.33333333333333
1364,2009-08-25,61.0
1367,2009-08-26,60.0
1370,2009-08-27,62.5
1372,2009-08-28,59.333333333333336
1375,2009-08-29,69.33333333333333
1378,2009-08-30,75.0
1381,2009-08-31,75.0
1383,2009-10-14,89.0
1386,2009-10-15,66.0
1389,2009-10-16,90.5
1391,2009-10-17,69.66666666666667
1394,2009-10-18,69.66666666666667
1397,2009-10-19,75.33333333333333
1400,2009-10-20,66.66666666666667
1403,2009-10-21,84.0
1405,2009-10-22,72.33333333333333
1408,2009-10-23,91.0
1410,2009-10-24,77.0
1413,2009-10-25,85.0
1415,2009-10-26,72.5
1417,2009-10-27,70.33333333333333
1420,2009-10-28,67.33333333333333
1423,2009-10-29,74.33333333333333
1426,2009-10-30,72.0
1429,2009-10-31,81.33333333333333
1432,2009-11-01,85.66666666666667
1435,2009-11-02,72.66666666666667
1438,2009-11-03,74.0
1441,2009-11-04,74.0
1444,2009-11-05,75.66666666666667
1447,2009-11-06,77.0
1450,2009-11-07,78.66666666666667
1453,2009-11-08,79.33333333333333
1456,2009-11-09,79.66666666666667
1459,2009-11-10,75.0
1462,2009-11-11,81.0
1465,2009-11-12,83.66666666666667
1468,2009-11-13,93.0
1471,2009-11-14,82.33333333333333
1474,2009-11-15,81.66666666666667
1477,2009-11-16,76.66666666666667
1480,2009-11-17,78.0
1483,2009-11-18,78.66666666666667
1486,2009-11-19,77.33333333333333
1489,2009-11-20,69.66666666666667
1492,2009-11-21,65.0
1495,2009-11-22,76.33333333333333
1498,2009-11-23,87.33333333333333
1501,2009-11-24,79.0
1504,2009-11-25,80.0
1507,2009-11-26,76.66666666666667
1510,2009-11-27,83.66666666666667
1513,2009-11-28,79.33333333333333
1516,2009-11-29,79.33333333333333
1519,2009-11-30,81.33333333333333
1522,2009-12-01,78.0
1525,2009-12-02,79.0
1528,2009-12-03,80.0
1531,2009-12-04,79.33333333333333
1534,2009-12-05,85.33333333333333
1537,2009-12-06,83.33333333333333
1540,2009-12-07,78.0
1543,2009-12-08,82.33333333333333
1546,2009-12-09,77.33333333333333
1549,2009-12-10,78.0
1552,2009-12-11,75.33333333333333
1555,2009-12-12,79.0
1558,2009-12-13,70.0
1561,2009-12-14,67.33333333333333
1564,2009-12-15,71.0
1567,2009-12-16,77.33333333333333
1570,2009-12-17,71.33333333333333
1573,2009-12-18,74.0
1576,2009-12-19,86.33333333333333
1579,2009-12-20,81.33333333333333
1582,2009-12-21,88.0
1585,2009-12-22,85.0
1588,2009-12-23,76.0
1591,2009-12-24,76.0
1594,2009-12-25,83.33333333333333
1597,2009-12-26,84.33333333333333
1600,2009-12-27,82.66666666666667
1603,2010-01-01,71.33333333333333
1606,2010-01-02,71.66666666666667
1609,2010-01-03,59.0
1612,2010-01-04,60.333333333333336
1615,2010-01-05,67.66666666666667
1618,2010-01-06,69.0
1621,2010-01-07,68.0
1624,2010-01-08,67.0
1627,2010-01-09,72.0
1630,2010-01-10,81.0
1633,2010-01-11,76.33333333333333
1636,2010-01-12,70.66666666666667
1639,2010-01-13,63.333333333333336
1642,2010-01-14,63.0
1645,2010-01-15,67.33333333333333
1648,2010-01-16,61.333333333333336
1651,2010-01-17,74.0
1654,2010-01-18,62.333333333333336
1657,2010-01-19,65.0
1660,2010-01-20,66.33333333333333
1663,2010-01-21,58.0
1666,2010-01-22,72.0
1669,2010-01-23,76.33333333333333
1672,2010-01-24,84.0
1675,2010-01-25,78.66666666666667
1678,2010-01-26,80.66666666666667
1681,2010-01-27,72.33333333333333
1684,2010-01-28,80.66666666666667
1687,2010-01-29,75.66666666666667
1690,2010-01-30,62.0
1693,2010-01-31,56.0
1696,2010-02-15,70.5
1698,2010-02-16,84.66666666666667
1701,2010-02-17,72.66666666666667
1704,2010-02-18,74.0
1707,2010-02-19,77.66666666666667
1710,2010-02-20,81.33333333333333
1713,2010-02-21,74.33333333333333
1716,2010-02-22,83.0
1719,2010-02-23,96.33333333333333
1722,2010-02-24,81.5
1724,2010-02-25,85.0
1727,2010-02-26,90.0
1730,2010-02-27,78.66666666666667
1733,2010-02-28,75.5
1735,2010-03-01,70.66666666666667
1738,2010-03-02,86.33333333333333
1741,2010-03-03,81.33333333333333
1744,2010-03-04,73.66666666666667
1747,2010-03-05,77.0
1750,2010-03-06,79.33333333333333
1753,2010-03-07,72.66666666666667
1756,2010-03-08,69.66666666666667
1759,2010-03-09,85.0
1762,2010-03-10,81.0
1765,2010-03-11,82.33333333333333
1768,2010-03-12,72.66666666666667
1771,2010-03-13,80.0
1774,2010-03-14,77.33333333333333
1777,2010-03-15,73.33333333333333
1780,2010-03-16,83.0
1783,2010-03-17,85.66666666666667
1786,2010-03-18,87.66666666666667
1789,2010-03-19,69.33333333333333
1792,2010-03-20,76.66666666666667
1795,2010-03-21,63.666666666666664
1798,2010-03-22,78.66666666666667
1801,2010-03-23,75.33333333333333
1804,2010-03-24,66.0
1807,2010-03-25,72.0
1810,2010-03-26,84.0
1813,2010-03-27,76.0
1816,2010-03-28,69.0
1819,2010-03-29,68.0
1822,2010-03-30,86.33333333333333
1825,2010-03-31,84.66666666666667
1828,2010-04-01,78.66666666666667
1831,2010-04-02,83.33333333333333
1834,2010-04-03,86.0
1837,2010-04-04,96.0
1840,2010-04-05,87.66666666666667
1843,2010-04-06,88.66666666666667
1846,2010-04-07,84.33333333333333
1849,2010-04-08,84.0
1852,2010-04-09,94.66666666666667
1855,2010-04-10,90.0
1858,2010-04-11,93.66666666666667
1861,2010-04-12,85.0
1864,2010-04-13,85.0
1867,2010-04-14,82.33333333333333
1870,2010-04-15,81.33333333333333
1873,2010-04-16,81.0
1876,2010-04-17,91.33333333333333
1879,2010-04-18,81.66666666666667
1882,2010-04-19,92.66666666666667
1885,2010-04-20,77.66666666666667
1888,2010-04-21,82.33333333333333
1891,2010-04-22,74.0
1893,2010-04-23,67.0
1896,2010-04-24,82.33333333333333
1899,2010-04-25,82.5
1901,2010-04-26,92.0
1904,2010-04-27,82.0
1907,2010-04-28,89.0
1910,2010-04-29,91.5
1912,2010-04-30,88.33333333333333
1915,2010-05-01,88.0
1918,2010-05-02,85.66666666666667
1921,2010-05-03,89.33333333333333
1924,2010-05-04,81.66666666666667
1927,2010-05-05,76.33333333333333
1930,2010-05-06,85.0
1933,2010-05-07,81.66666666666667
1936,2010-05-08,75.0
1939,2010-05-09,76.0
1942,2010-05-10,71.5
1944,2010-05-11,84.33333333333333
1947,2010-05-12,74.33333333333333
1950,2010-05-13,67.0
1953,2010-05-14,68.5
1955,2010-05-15,72.66666666666667
1958,2010-05-16,76.66666666666667
1961,2010-05-17,81.66666666666667
1964,2010-05-18,82.0
1967,2010-05-19,86.33333333333333
1970,2010-05-20,83.0
1973,2010-05-21,87.33333333333333
1976,2010-05-22,87.0
1979,2010-05-23,73.5
1981,2010-05-24,83.0
1984,2010-05-25,82.33333333333333
1987,2010-05-26,85.0
1990,2010-05-27,86.33333333333333
1993,2010-05-28,78.33333333333333
1996,2010-05-29,78.5
1998,2010-05-30,84.0
2001,2010-05-31,83.33333333333333
2004,2010-06-01,83.66666666666667
2007,2010-06-02,91.0
2010,2010-06-03,88.0
2013,2010-06-04,83.33333333333333
2016,2010-06-05,64.0
2019,2010-06-06,60.666666666666664
2022,2010-06-07,67.5
2024,2010-06-08,76.0
2027,2010-06-09,79.0
2030,2010-06-10,80.66666666666667
2033,2010-06-11,68.0
2036,2010-06-12,77.0
2039,2010-06-13,89.66666666666667
2042,2010-06-14,86.0
2045,2010-06-15,84.0
2048,2010-06-16,83.33333333333333
2051,2010-06-17,79.33333333333333
2054,2010-06-18,86.0
2057,2010-06-19,89.0
2060,2010-06-20,95.66666666666667
2063,2010-06-21,65.5
2065,2010-06-22,78.33333333333333
2068,2010-06-23,78.66666666666667
2071,2010-06-24,73.33333333333333
2074,2010-06-25,84.66666666666667
2077,2010-06-26,80.0
2080,2010-06-27,77.66666666666667
2083,2010-06-28,85.33333333333333
2086,2010-06-29,82.0
2089,2010-06-30,82.66666666666667
2092,2010-08-02,68.0
2094,2010-08-03,89.66666666666667
2097,2010-08-04,71.66666666666667
2100,2010-08-05,60.666666666666664
2103,2010-08-06,65.0
2106,2010-08-07,80.33333333333333
2109,2010-08-08,83.33333333333333
2112,2010-08-09,53.666666666666664
2115,2010-08-10,61.0
2118,2010-08-11,65.0
2121,2010-08-12,78.33333333333333
2124,2010-08-13,77.66666666666667
2127,2010-08-14,70.66666666666667
2130,2010-08-15,62.333333333333336
2133,2010-08-16,62.0
2136,2010-08-17,70.0
2139,2010-08-18,75.33333333333333
2142,2010-08-19,84.33333333333333
2145,2010-08-20,65.66666666666667
2148,2010-08-21,62.0
2151,2010-08-22,61.666666666666664
2154,2010-08-23,74.66666666666667
2157,2010-08-24,74.66666666666667
2160,2010-08-25,91.0
2163,2010-08-26,82.0
2166,2010-08-27,82.66666666666667
2169,2010-08-28,76.33333333333333
2172,2010-08-29,81.0
2175,2010-08-30,74.0
2178,2010-08-31,87.33333333333333
2181,2010-09-01,91.0
2184,2010-09-02,83.66666666666667
2187,2010-09-03,81.66666666666667
2190,2010-09-04,87.66666666666667
2193,2010-09-05,79.66666666666667
2196,2010-09-06,86.0
2199,2010-09-07,85.66666666666667
2202,2010-09-08,78.33333333333333
2205,2010-09-09,71.66666666666667
2208,2010-09-10,68.66666666666667
2211,2010-09-11,67.5
2213,2010-09-12,71.66666666666667
2216,2010-09-13,72.66666666666667
2219,2010-09-14,79.33333333333333
2222,2010-09-15,80.0
2225,2010-09-16,77.0
2228,2010-09-17,75.0
2231,2010-09-18,63.666666666666664
2234,2010-09-19,77.0
2237,2010-09-20,91.0
2239,2010-09-21,82.33333333333333
2242,2010-09-22,86.0
2245,2010-09-23,85.33333333333333
2248,2010-09-24,84.66666666666667
2251,2010-09-25,83.66666666666667
2254,2010-09-26,79.66666666666667
2257,2010-09-27,93.0
2260,2010-09-28,76.66666666666667
2263,2010-09-29,76.0
2266,2010-09-30,78.66666666666667
2269,2010-10-01,67.0
2272,2010-10-02,75.0
2275,2010-10-03,76.66666666666667
2278,2010-10-04,83.66666666666667
2281,2010-10-05,78.0
2284,2010-10-06,78.33333333333333
2287,2010-10-07,76.33333333333333
2290,2010-10-08,76.33333333333333
2293,2010-10-09,64.0
2296,2010-10-10,54.666666666666664
2299,2010-10-11,54.333333333333336
2302,2010-10-12,56.666666666666664
2305,2010-10-13,62.0
2308,2010-10-14,77.33333333333333
2311,2010-10-15,79.66666666666667
2314,2010-10-16,82.33333333333333
2317,2010-10-17,80.0
2320,2010-10-18,81.66666666666667
2323,2010-10-19,74.33333333333333
2326,2010-10-20,76.33333333333333
2329,2010-10-21,71.0
2332,2010-10-22,87.66666666666667
2335,2010-10-23,86.33333333333333
2338,2010-10-24,87.33333333333333
2341,2010-10-25,83.33333333333333
2344,2010-10-26,82.66666666666667
2347,2010-10-27,90.33333333333333
2350,2010-10-28,83.33333333333333
2353,2010-10-29,81.0
2356,2010-10-30,87.33333333333333
2359,2010-10-31,82.33333333333333
2362,2010-11-01,84.66666666666667
2365,2010-11-02,78.66666666666667
2368,2010-11-03,82.0
2371,2010-11-04,75.66666666666667
2374,2010-11-05,73.66666666666667
2377,2010-11-06,79.33333333333333
2380,2010-11-07,81.66666666666667
2383,2010-11-08,78.33333333333333
2386,2010-11-09,82.33333333333333
2389,2010-11-10,91.0
2392,2010-11-11,86.0
2395,2010-11-12,83.0
2398,2010-11-13,83.33333333333333
2401,2010-11-14,88.66666666666667
2404,2010-11-15,93.0
2407,2010-11-16,85.66666666666667
2410,2010-11-17,87.66666666666667
2413,2010-11-18,81.66666666666667
2416,2010-11-19,69.0
2419,2010-11-20,78.66666666666667
2422,2010-11-21,88.33333333333333
2425,2010-11-22,86.33333333333333
2428,2010-11-23,86.66666666666667
2431,2010-11-24,82.0
2434,2010-11-25,86.0
2437,2010-11-26,88.66666666666667
2440,2010-11-27,83.0
2443,2010-11-28,87.66666666666667
2446,2010-11-29,84.66666666666667
2449,2010-11-30,83.33333333333333
2452,2010-12-01,86.0
2455,2010-12-02,85.0
2458,2010-12-03,86.66666666666667
2461,2010-12-04,85.0
2464,2010-12-05,83.66666666666667
2467,2010-12-06,77.33333333333333
2470,2010-12-07,83.0
2473,2010-12-08,84.66666666666667
2476,2010-12-09,93.0
2479,2010-12-10,80.33333333333333
2482,2010-12-11,85.33333333333333
2485,2010-12-12,86.0
2488,2010-12-13,85.66666666666667
2491,2010-12-14,82.0
2494,2010-12-15,94.0
2497,2010-12-16,81.33333333333333
2500,2010-12-17,84.0
2503,2010-12-18,85.66666666666667
2506,2010-12-19,85.33333333333333
2509,2010-12-20,87.33333333333333
2512,2010-12-21,76.0
2515,2010-12-22,83.33333333333333
2518,2010-12-23,88.66666666666667
2521,2010-12-24,82.0
2524,2010-12-25,81.0
2527,2010-12-26,84.66666666666667
2530,2010-12-27,82.33333333333333
2533,2010-12-28,82.0
2536,2010-12-29,82.33333333333333
2539,2010-12-30,80.0
2542,2010-12-31,73.5
2544,2011-01-01,79.0
2547,2011-01-02,85.66666666666667
2550,2011-01-03,83.0
2553,2011-01-04,85.0
2555,2011-01-05,86.66666666666667
2558,2011-01-06,83.66666666666667
2561,2011-01-07,81.33333333333333
2564,2011-01-08,81.5
2566,2011-01-09,82.0
2569,2011-01-10,78.66666666666667
2572,2011-01-11,77.66666666666667
2575,2011-01-12,75.0
2577,2011-01-13,79.66666666666667
2580,2011-01-14,78.0
2583,2011-01-15,75.0
2585,2011-01-16,83.66666666666667
2588,2011-01-17,84.33333333333333
2591,2011-01-18,84.66666666666667
2594,2011-01-19,83.33333333333333
2597,2011-01-20,77.33333333333333
2600,2011-01-21,77.33333333333333
2603,2011-01-22,81.0
2606,2011-01-23,81.0
2609,2011-01-24,71.66666666666667
2612,2011-01-25,76.33333333333333
2615,2011-01-26,82.0
2618,2011-01-27,80.0
2621,2011-01-28,87.33333333333333
2624,2011-01-29,82.33333333333333
2627,2011-01-30,73.0
2629,2011-01-31,80.33333333333333
2632,2011-02-01,75.66666666666667
2635,2011-02-02,75.0
2638,2011-02-03,69.33333333333333
2641,2011-02-04,80.0
2644,2011-02-05,81.0
2647,2011-02-06,83.66666666666667
2650,2011-02-07,93.5
2652,2011-02-08,91.0
2655,2011-02-09,76.0
2658,2011-02-10,90.66666666666667
2661,2011-02-11,93.0
2664,2011-02-12,90
2665,2011-02-13,85.33333333333333
2668,2011-02-14,79.66666666666667
2671,2011-02-15,89.33333333333333
2674,2011-02-16,88.66666666666667
2677,2011-02-17,81.66666666666667
2680,2011-02-18,74.0
2683,2011-02-19,78.66666666666667
2686,2011-02-20,78.5
2688,2011-02-21,84.33333333333333
2691,2011-02-22,75.66666666666667
2694,2011-02-23,78.0
2697,2011-02-24,87.33333333333333
2700,2011-02-25,70.66666666666667
2703,2011-02-26,81.0
2706,2011-02-27,75.0
2709,2011-02-28,84.0
2712,2011-03-01,81.66666666666667
2715,2011-03-02,81.0
2718,2011-03-03,70.0
2721,2011-03-04,78.33333333333333
2724,2011-03-05,83.33333333333333
2727,2011-03-06,71.5
2729,2011-03-07,73.66666666666667
2732,2011-03-08,76.0
2735,2011-03-09,84
2736,2011-03-10,86.66666666666667
2739,2011-03-11,67.0
2742,2011-03-12,77.0
2744,2011-03-13,78.0
2747,2011-03-14,71.66666666666667
2750,2011-03-15,70.33333333333333
2753,2011-03-16,91.0
2755,2011-03-17,77.66666666666667
2758,2011-03-18,82.0
2761,2011-03-19,83.0
2764,2011-03-20,93.0
2767,2011-03-21,67.5
2769,2011-03-22,78.5
2771,2011-03-23,82.0
2774,2011-03-24,62
2775,2011-03-25,86.66666666666667
2778,2011-03-26,82.33333333333333
2781,2011-03-27,75.66666666666667
2784,2011-03-28,73.0
2787,2011-03-29,75.66666666666667
2790,2011-03-30,77.0
2793,2011-03-31,73.33333333333333
2796,2011-04-01,68.33333333333333
2799,2011-04-02,79.33333333333333
2802,2011-04-03,84.66666666666667
2805,2011-04-04,83.0
2808,2011-04-05,88.0
2811,2011-04-06,88.66666666666667
2814,2011-04-07,84.33333333333333
2817,2011-04-08,83.66666666666667
2820,2011-04-09,85.66666666666667
2823,2011-04-10,86.66666666666667
2826,2011-04-11,71.66666666666667
2829,2011-04-12,80.0
2832,2011-04-13,75.33333333333333
2835,2011-04-14,82.0
2838,2011-04-15,84.66666666666667
2841,2011-04-16,86.0
2844,2011-04-17,90.66666666666667
2847,2011-04-18,85.66666666666667
2850,2011-04-19,84.33333333333333
2853,2011-04-20,80.33333333333333
2856,2011-04-21,76.0
2859,2011-04-22,71.33333333333333
2862,2011-04-23,79.33333333333333
2865,2011-04-24,84.33333333333333
2868,2011-04-25,88.33333333333333
2871,2011-04-26,83.33333333333333
2874,2011-04-27,80.33333333333333
2877,2011-04-28,79.33333333333333
2880,2011-04-29,77.33333333333333
2883,2011-04-30,79.33333333333333
2886,2011-05-01,74.33333333333333
2889,2011-05-02,72.33333333333333
2892,2011-05-03,74.33333333333333
2895,2011-05-04,74.33333333333333
2898,2011-05-05,76.33333333333333
2901,2011-05-06,64.66666666666667
2904,2011-05-07,81.66666666666667
2907,2011-05-08,74.0
2910,2011-05-09,83.33333333333333
2913,2011-05-10,71.33333333333333
2916,2011-05-11,75.0
2919,2011-05-12,89.66666666666667
2922,2011-05-13,80.33333333333333
2925,2011-05-14,86.0
2928,2011-05-15,76.33333333333333
2931,2011-05-16,80.0
2934,2011-05-17,64.33333333333333
2937,2011-05-18,65.0
2940,2011-05-19,73.0
2943,2011-05-20,79.0
2946,2011-05-21,86.66666666666667
2949,2011-05-22,82.0
2952,2011-05-23,80.0
2955,2011-05-24,88.66666666666667
2958,2011-05-25,82.66666666666667
2961,2011-05-26,83.33333333333333
2964,2011-05-27,73.33333333333333
2967,2011-05-28,81.33333333333333
2970,2011-05-29,80.66666666666667
2973,2011-05-30,89.0
2976,2011-05-31,86.66666666666667
2979,2011-06-01,86.0
2982,2011-06-02,93.0
2985,2011-06-03,80.33333333333333
2988,2011-06-04,85.33333333333333
2991,2011-06-05,65.66666666666667
2994,2011-06-06,76.66666666666667
2997,2011-06-07,75.0
3000,2011-06-08,73.0
3003,2011-06-09,78.33333333333333
3006,2011-06-10,76.0
3009,2011-06-11,62.666666666666664
3012,2011-06-12,62.666666666666664
3015,2011-06-13,62.0
3018,2011-06-14,69.0
3021,2011-06-15,69.66666666666667
3024,2011-06-16,72.66666666666667
3027,2011-06-17,82.0
3030,2011-06-18,80.66666666666667
3033,2011-06-19,81.33333333333333
3036,2011-06-20,72.5
3038,2011-06-21,76.0
3041,2011-06-22,74.66666666666667
3044,2011-06-23,79.33333333333333
3047,2011-06-24,81.66666666666667
3050,2011-06-25,77.0
3053,2011-06-26,81.66666666666667
3056,2011-06-27,61.333333333333336
3059,2011-06-28,62.666666666666664
3062,2011-06-29,79.66666666666667
3065,2011-06-30,84.0
3068,2011-07-01,68.0
3071,2011-07-02,82.0
3074,2011-07-03,67.33333333333333
3077,2011-07-04,75.66666666666667
3080,2011-07-05,86.0
3083,2011-07-06,91.33333333333333
3086,2011-07-07,65.0
3089,2011-07-08,62.0
3092,2011-07-10,65.66666666666667
3095,2011-07-11,64.33333333333333
3098,2011-07-12,83.33333333333333
3101,2011-07-13,77.0
3104,2011-07-14,84.33333333333333
3107,2011-07-15,82.33333333333333
3110,2011-07-16,80.0
3113,2011-07-17,78.33333333333333
3116,2011-07-18,76.0
3119,2011-07-19,67.33333333333333
3122,2011-07-20,56.666666666666664
3125,2011-07-21,60.0
3128,2011-07-22,57.0
3131,2011-07-23,57.333333333333336
3134,2011-07-24,55.666666666666664
3137,2011-07-25,44.0
3139,2011-07-26,62.333333333333336
3142,2011-07-27,68.33333333333333
3145,2011-07-28,80.0
3148,2011-07-29,84.33333333333333
3151,2011-07-30,87.33333333333333
3154,2011-07-31,77.33333333333333
3157,2011-08-02,76.66666666666667
3160,2011-08-03,75.33333333333333
3163,2011-08-04,57.666666666666664
3166,2011-08-05,51.0
3169,2011-08-06,50.0
3172,2011-08-07,53.0
3175,2011-08-08,52.666666666666664
3178,2011-08-09,61.0
3181,2011-08-10,57.333333333333336
3184,2011-08-11,59.666666666666664
3187,2011-08-12,54.666666666666664
3190,2011-08-13,59.333333333333336
3193,2011-08-14,59.666666666666664
3196,2011-08-15,67.33333333333333
3199,2011-08-16,80.0
3202,2011-08-17,76.33333333333333
3205,2011-08-18,75.0
3208,2011-08-19,83.33333333333333
3211,2011-08-20,79.0
3214,2011-08-21,80.66666666666667
3217,2011-08-22,72.0
3220,2011-08-23,76.66666666666667
3223,2011-08-24,76.0
3226,2011-08-25,68.0
3229,2011-08-26,58.0
3232,2011-08-27,68.33333333333333
3235,2011-08-28,72.0
3238,2011-08-29,60.666666666666664
3241,2011-08-30,51.0
3244,2011-08-31,48.666666666666664
3247,2011-09-01,51.333333333333336
3250,2011-09-02,59.0
3253,2011-09-03,63.333333333333336
3256,2011-09-04,61.333333333333336
3259,2011-09-05,45.0
3262,2011-09-06,64.33333333333333
3265,2011-09-07,72.66666666666667
3268,2011-09-08,84.66666666666667
3271,2011-09-09,71.66666666666667
3274,2011-09-10,69.33333333333333
3277,2011-09-11,60.666666666666664
3280,2011-09-12,55.666666666666664
3283,2011-09-13,51.666666666666664
3286,2011-09-14,50.333333333333336
3289,2011-09-15,57.0
3292,2011-09-16,69.0
3295,2011-09-17,83.66666666666667
3298,2011-09-18,90.66666666666667
3301,2011-09-19,71.0
3304,2011-09-20,60.666666666666664
3307,2011-09-21,77.33333333333333
3310,2011-09-22,64.0
3313,2011-09-23,75.66666666666667
3316,2011-09-24,69.66666666666667
3319,2011-09-25,78.66666666666667
3322,2011-09-26,69.0
3325,2011-09-27,55.333333333333336
3328,2011-09-28,58.0
3331,2011-09-29,59.333333333333336
3334,2011-09-30,69.66666666666667
3337,2011-10-01,80.0
3340,2011-10-02,80.0
3342,2011-10-03,71.66666666666667
3345,2011-10-04,81.0
3348,2011-10-05,77.33333333333333
3351,2011-10-06,69.33333333333333
3354,2011-10-07,74.66666666666667
3357,2011-10-08,88.0
3360,2011-10-09,82.0
3363,2011-10-10,65.0
3365,2011-10-11,80.33333333333333
3368,2011-10-12,74.0
3371,2011-10-13,72.33333333333333
3374,2011-10-14,76.66666666666667
3377,2011-10-15,79.66666666666667
3380,2011-10-16,77.66666666666667
3383,2011-10-17,77.0
3385,2011-10-18,66.0
3388,2011-10-19,63.0
3391,2011-10-20,64.33333333333333
3394,2011-10-21,65.0
3397,2011-10-22,58.333333333333336
3400,2011-10-23,69.33333333333333
3403,2011-10-24,82.0
3406,2011-10-25,79.0
3409,2011-10-26,77.0
3412,2011-10-27,72.33333333333333
3415,2011-10-28,76.66666666666667
3418,2011-10-29,78.0
3421,2011-10-30,85.0
3424,2011-10-31,65.33333333333333
3427,2011-11-01,62.5
3429,2011-11-02,76.33333333333333
3432,2011-11-03,75.66666666666667
3435,2011-11-04,75.0
3438,2011-11-05,73.33333333333333
3441,2011-11-06,76.66666666666667
3444,2011-11-07,81.0
3447,2011-11-08,81.33333333333333
3450,2011-11-09,77.66666666666667
3453,2011-11-10,78.66666666666667
3456,2011-11-11,76.0
3459,2011-11-12,83.66666666666667
3462,2011-11-13,73.0
3465,2011-11-14,70.33333333333333
3468,2011-11-15,75.0
3471,2011-11-16,75.33333333333333
3474,2011-11-17,79.66666666666667
3477,2011-11-18,64.33333333333333
3480,2011-11-19,70.33333333333333
3483,2011-11-20,73.66666666666667
3486,2011-11-21,78.66666666666667
3489,2011-11-22,71.0
3492,2011-11-23,75.66666666666667
3495,2011-11-24,77.33333333333333
3498,2011-11-25,71.66666666666667
3501,2011-11-26,79.0
3504,2011-11-27,76.33333333333333
3507,2011-11-28,81.33333333333333
3510,2011-11-29,79.66666666666667
3513,2011-11-30,73.33333333333333
3516,2011-12-01,80.33333333333333
3519,2011-12-02,91.66666666666667
3522,2011-12-03,86.66666666666667
3525,2011-12-04,90.0
3528,2011-12-05,80.33333333333333
3531,2011-12-06,78.66666666666667
3534,2011-12-07,80.33333333333333
3537,2011-12-08,82.0
3540,2011-12-09,77.66666666666667
3543,2011-12-10,79.33333333333333
3546,2011-12-11,77.0
3549,2011-12-12,83.66666666666667
3552,2011-12-13,84.33333333333333
3555,2011-12-14,78.0
3558,2011-12-15,87.66666666666667
3561,2011-12-16,75.0
3564,2011-12-17,86.33333333333333
3567,2011-12-18,89.33333333333333
3570,2011-12-19,92.5
3572,2011-12-20,77.0
3575,2011-12-21,74.66666666666667
3578,2011-12-22,67.0
3581,2011-12-23,71.66666666666667
3584,2011-12-24,78.66666666666667
3587,2011-12-25,76.66666666666667
3590,2011-12-26,66.5
3592,2011-12-27,66.33333333333333
3595,2011-12-28,68.0
3598,2011-12-29,76.0
3601,2011-12-30,75.66666666666667
3604,2011-12-31,71.66666666666667
3607,2012-01-01,55.0
3609,2012-01-02,73.66666666666667
3612,2012-01-03,78.33333333333333
3615,2012-01-04,79.33333333333333
3618,2012-01-05,77.0
3621,2012-01-06,84.66666666666667
3624,2012-01-07,76.33333333333333
3627,2012-01-08,79.66666666666667
3630,2012-01-09,78.66666666666667
3633,2012-01-10,76.66666666666667
3636,2012-01-11,75.33333333333333
3639,2012-01-12,74.33333333333333
3642,2012-01-13,77.0
3645,2012-01-14,77.5
3647,2012-01-15,78.66666666666667
3650,2012-01-16,71.33333333333333
3653,2012-01-17,73.0
3656,2012-01-18,73.33333333333333
3659,2012-01-19,70.33333333333333
3662,2012-01-20,79.66666666666667
3665,2012-01-21,80.66666666666667
3668,2012-01-22,83.0
3671,2012-01-23,80.0
3674,2012-01-24,88.0
3677,2012-01-25,74.0
3680,2012-01-26,78.66666666666667
3683,2012-01-27,81.66666666666667
3686,2012-01-28,77.66666666666667
3689,2012-01-29,76.33333333333333
3692,2012-01-30,78.33333333333333
3695,2012-01-31,80.66666666666667
3698,2012-02-01,77.66666666666667
3701,2012-02-02,74.66666666666667
3704,2012-02-03,79.66666666666667
3707,2012-02-04,71.33333333333333
3710,2012-02-05,84.33333333333333
3713,2012-02-06,75.0
3716,2012-02-07,73.66666666666667
3719,2012-02-08,78.66666666666667
3722,2012-02-09,80.33333333333333
3725,2012-02-10,86.0
3728,2012-02-11,93.0
3730,2012-02-12,73.0
3733,2012-02-13,79.0
3736,2012-02-14,78.66666666666667
3739,2012-02-15,73.33333333333333
3742,2012-02-16,78.33333333333333
3745,2012-02-17,74.33333333333333
3748,2012-02-18,77.33333333333333
3751,2012-02-19,76.33333333333333
3754,2012-02-20,76.66666666666667
3757,2012-02-21,73.0
3760,2012-02-22,82.66666666666667
3763,2012-02-23,68.33333333333333
3766,2012-02-24,74.66666666666667
3769,2012-02-25,74.5
3771,2012-02-26,84.0
3774,2012-02-27,73.0
3777,2012-02-28,72.66666666666667
3780,2012-02-29,79.66666666666667
3783,2012-03-01,87
3784,2012-03-02,62.0
3786,2012-03-03,70.0
3788,2012-03-04,69.66666666666667
3791,2012-03-05,75.33333333333333
3794,2012-03-06,72.66666666666667
3797,2012-03-07,74.66666666666667
3800,2012-03-08,64.0
3803,2012-03-09,62.333333333333336
3806,2012-03-10,77.66666666666667
3809,2012-03-11,68.33333333333333
3812,2012-03-12,70.33333333333333
3815,2012-03-13,67.0
3818,2012-03-14,67.0
3821,2012-03-15,55.333333333333336
3824,2012-03-16,71.66666666666667
3827,2012-03-17,70.0
3830,2012-03-18,75.0
3833,2012-03-19,86.0
3836,2012-03-20,82.33333333333333
3839,2012-03-21,84.66666666666667
3842,2012-03-22,82.0
3845,2012-03-23,82.0
3848,2012-03-24,82.33333333333333
3851,2012-03-25,74.33333333333333
3854,2012-03-26,80.0
3857,2012-03-27,72.0
3860,2012-03-28,76.33333333333333
3863,2012-03-29,57.666666666666664
3866,2012-03-30,64.33333333333333
3869,2012-03-31,58.666666666666664
3872,2012-04-01,71.33333333333333
3875,2012-04-02,65.33333333333333
3878,2012-04-03,67.0
3881,2012-04-04,83.66666666666667
3884,2012-04-05,79.33333333333333
3887,2012-04-06,77.0
3890,2012-04-07,85.33333333333333
3893,2012-04-08,80.0
3896,2012-04-09,71.66666666666667
3899,2012-04-10,72.66666666666667
3902,2012-04-11,74.66666666666667
3905,2012-04-12,81.66666666666667
3908,2012-04-13,72.66666666666667
3911,2012-04-14,79.66666666666667
3914,2012-04-15,71.0
3917,2012-04-16,72.0
3920,2012-04-17,75.66666666666667
3923,2012-04-18,83.66666666666667
3926,2012-04-19,80.33333333333333
3929,2012-04-20,83.0
3932,2012-04-21,72.0
3935,2012-04-22,71.0
3938,2012-04-23,70.33333333333333
3941,2012-04-24,79.66666666666667
3944,2012-04-25,67.66666666666667
3947,2012-04-26,83.33333333333333
3950,2012-04-27,77.33333333333333
3953,2012-04-28,78.33333333333333
3956,2012-04-29,77.66666666666667
3959,2012-04-30,76.0
3962,2012-05-01,84.0
3965,2012-05-02,70.0
3968,2012-05-03,58.333333333333336
3971,2012-05-04,63.666666666666664
3974,2012-05-05,89.66666666666667
3977,2012-05-06,75.0
3980,2012-05-07,77.0
3983,2012-05-08,60.333333333333336
3986,2012-05-09,67.66666666666667
3989,2012-05-10,71.0
3992,2012-05-11,79.33333333333333
3995,2012-05-12,76.66666666666667
3998,2012-05-13,76.33333333333333
4001,2012-05-14,73.33333333333333
4004,2012-05-15,68.33333333333333
4007,2012-05-16,75.33333333333333
4010,2012-05-17,65.66666666666667
4013,2012-05-18,71.33333333333333
4016,2012-05-19,81.33333333333333
4019,2012-05-20,76.0
4022,2012-05-21,77.0
4025,2012-05-22,71.66666666666667
4028,2012-05-23,68.0
4031,2012-05-24,64.0
4034,2012-05-25,73.66666666666667
4037,2012-05-26,68.66666666666667
4040,2012-05-27,56.333333333333336
4043,2012-05-28,61.0
4046,2012-05-29,53.666666666666664
4049,2012-05-30,47.333333333333336
4052,2012-05-31,55.666666666666664
4055,2012-06-01,61.333333333333336
4058,2012-06-02,60.666666666666664
4061,2012-06-03,66.0
4064,2012-06-04,63.5
4066,2012-06-05,69.0
4069,2012-06-06,66.0
4072,2012-06-07,47.333333333333336
4075,2012-06-08,49.666666666666664
4078,2012-06-09,72.5
4080,2012-06-10,62.0
4083,2012-06-11,60.0
4086,2012-06-12,77.33333333333333
4089,2012-06-13,71.33333333333333
4092,2012-06-14,78.66666666666667
4095,2012-06-15,72.66666666666667
4098,2012-06-16,84.0
4101,2012-06-17,65.0
4104,2012-06-18,78.0
4106,2012-06-19,75.33333333333333
4109,2012-06-20,71.0
4112,2012-06-21,80.33333333333333
4115,2012-06-22,58.0
4118,2012-06-23,67.66666666666667
4121,2012-06-24,63.0
4124,2012-06-25,79.5
4126,2012-06-26,62.666666666666664
4129,2012-06-27,66.33333333333333
4132,2012-06-28,62.333333333333336
4135,2012-06-29,78.66666666666667
4138,2012-06-30,83.33333333333333
4141,2012-07-01,62.0
4144,2012-07-02,59.666666666666664
4147,2012-07-03,63.333333333333336
4150,2012-07-04,80.66666666666667
4153,2012-07-05,86.0
4156,2012-07-06,76.33333333333333
4159,2012-07-07,65.33333333333333
4162,2012-07-08,59.333333333333336
4165,2012-07-09,64.66666666666667
4168,2012-07-10,64.33333333333333
4171,2012-07-11,87.33333333333333
4174,2012-07-12,80.66666666666667
4177,2012-07-13,79.0
4180,2012-07-14,76.66666666666667
4183,2012-07-15,66.66666666666667
4186,2012-07-16,59.333333333333336
4189,2012-07-17,56.333333333333336
4192,2012-07-18,61.0
4195,2012-07-19,52.333333333333336
4198,2012-07-20,54.666666666666664
4201,2012-07-21,55.0
4204,2012-07-22,60.333333333333336
4207,2012-07-23,57.333333333333336
4210,2012-07-24,64.66666666666667
4213,2012-07-25,60.666666666666664
4216,2012-07-26,58.333333333333336
4219,2012-07-27,63.666666666666664
4222,2012-07-28,72.5
4224,2012-07-29,73.5
4226,2012-07-30,70.0
4228,2012-07-31,79.0
4230,2012-08-01,62.0
4233,2012-08-02,77.33333333333333
4236,2012-08-03,74.66666666666667
4239,2012-08-04,74.33333333333333
4242,2012-08-05,59.0
4244,2012-08-06,33
4245,2012-08-07,66.5
4247,2012-08-08,64.66666666666667
4250,2012-08-09,63.333333333333336
4253,2012-08-10,67.33333333333333
4256,2012-08-11,67.0
4259,2012-08-12,76.0
4262,2012-08-13,87.66666666666667
4265,2012-08-14,73.0
4268,2012-08-15,70.0
4271,2012-08-16,77.33333333333333
4274,2012-08-17,85.66666666666667
4277,2012-08-18,68.33333333333333
4280,2012-08-19,58.0
4283,2012-08-20,53.333333333333336
4286,2012-08-21,55.666666666666664
4289,2012-08-22,62.0
4292,2012-08-23,64.66666666666667
4295,2012-08-24,67.0
4298,2012-08-25,78.66666666666667
4301,2012-08-26,61.666666666666664
4304,2012-08-27,45.0
4306,2012-08-28,57.666666666666664
4309,2012-08-29,59.0
4312,2012-08-30,55.333333333333336
4315,2012-08-31,59.0
4318,2012-09-01,62.333333333333336
4321,2012-09-02,65.66666666666667
4324,2012-09-03,63.666666666666664
4327,2012-09-04,61.666666666666664
4330,2012-09-05,62.666666666666664
4333,2012-09-06,59.333333333333336
4336,2012-09-07,54.0
4339,2012-09-08,59.666666666666664
4342,2012-09-09,54.333333333333336
4345,2012-09-10,57.666666666666664
4348,2012-09-11,62.666666666666664
4351,2012-09-12,60.666666666666664
4354,2012-09-13,60.0
4357,2012-09-14,60.666666666666664
4360,2012-09-15,57.333333333333336
4363,2012-09-16,57.333333333333336
4366,2012-09-17,63.666666666666664
4369,2012-09-18,75.66666666666667
4372,2012-09-19,75.0
4375,2012-09-20,69.66666666666667
4378,2012-09-21,77.0
4381,2012-09-22,72.0
4383,2012-09-23,72.0
4385,2012-09-24,91.66666666666667
4388,2012-09-25,68.33333333333333
4391,2012-09-26,58.666666666666664
4394,2012-09-27,55.666666666666664
4397,2012-09-28,70.33333333333333
4400,2012-09-29,56.0
4403,2012-09-30,55.333333333333336
4406,2012-10-01,58.666666666666664
4409,2012-10-02,80.0
4412,2012-10-03,65.66666666666667
4415,2012-10-04,85.0
4418,2012-10-05,82.66666666666667
4421,2012-10-06,79.66666666666667
4424,2012-10-07,78.0
4427,2012-10-08,66.0
4429,2012-10-09,79.0
4432,2012-10-10,76.66666666666667
4435,2012-10-11,93.33333333333333
4438,2012-10-12,83.66666666666667
4441,2012-10-13,83.0
4444,2012-10-14,84.0
4447,2012-10-15,75.5
4449,2012-10-16,89.66666666666667
4452,2012-10-17,71.33333333333333
4455,2012-10-18,91.0
4458,2012-10-19,85.0
4461,2012-10-20,69.5
4463,2012-10-21,65.0
4466,2012-10-22,80.66666666666667
4469,2012-10-23,79.33333333333333
4472,2012-10-24,83.33333333333333
4475,2012-10-25,80.0
4478,2012-10-26,69.33333333333333
4481,2012-10-27,61.666666666666664
4484,2012-10-28,56.333333333333336
4487,2012-10-29,67.66666666666667
4490,2012-10-30,86.0
4493,2012-10-31,77.33333333333333
4496,2012-11-01,73.33333333333333
4499,2012-11-02,82.0
4502,2012-11-03,82.33333333333333
4505,2012-11-04,83.66666666666667
4508,2012-11-05,79.0
4511,2012-11-06,76.66666666666667
4514,2012-11-07,75.33333333333333
4517,2012-11-08,83.33333333333333
4520,2012-11-09,78.0
4523,2012-11-10,84.33333333333333
4526,2012-11-11,87.0
4529,2012-11-12,81.66666666666667
4532,2012-11-13,83.66666666666667
4535,2012-11-14,79.66666666666667
4538,2012-11-15,84.33333333333333
4541,2012-11-16,80.33333333333333
4544,2012-11-17,76.66666666666667
4547,2012-11-18,78.0
4550,2012-11-19,76.33333333333333
4553,2012-11-20,77.33333333333333
4556,2012-11-21,84.66666666666667
4559,2012-11-22,84.0
4562,2012-11-23,78.33333333333333
4565,2012-11-24,80.0
4568,2012-11-25,82.66666666666667
4571,2012-11-26,80.33333333333333
4574,2012-11-27,80.66666666666667
4577,2012-11-28,81.0
4580,2012-11-29,83.33333333333333
4583,2012-11-30,82.33333333333333
4586,2012-12-01,86.66666666666667
4589,2012-12-02,80.66666666666667
4592,2012-12-03,70.66666666666667
4595,2012-12-04,92.66666666666667
4598,2012-12-05,92.66666666666667
4601,2012-12-06,78.0
4604,2012-12-07,77.0
4607,2012-12-08,76.66666666666667
4610,2012-12-09,79.0
4613,2012-12-10,79.66666666666667
4616,2012-12-11,79.0
4619,2012-12-12,84.66666666666667
4622,2012-12-13,87.66666666666667
4625,2012-12-14,92.0
4628,2012-12-15,75.66666666666667
4631,2012-12-16,75.33333333333333
4634,2012-12-17,81.0
4637,2012-12-18,78.33333333333333
4640,2012-12-19,85.66666666666667
4643,2012-12-20,79.0
4646,2012-12-21,80.33333333333333
4649,2012-12-22,84.0
4652,2012-12-23,83.33333333333333
4655,2012-12-27,59.5
4657,2012-12-28,71.0
4660,2012-12-29,72.33333333333333
4663,2012-12-30,73.0
4666,2012-12-31,66.66666666666667
4669,2013-01-01,75.0
4672,2013-01-02,71.33333333333333
4675,2013-01-03,72.33333333333333
4678,2013-01-04,74.33333333333333
4681,2013-01-05,75.66666666666667
4684,2013-01-06,68.66666666666667
4687,2013-01-07,67.33333333333333
4690,2013-01-08,54.0
4693,2013-01-09,59.666666666666664
4696,2013-01-10,70.33333333333333
4699,2013-01-11,71.0
4702,2013-01-12,81.0
4705,2013-01-13,68.33333333333333
4708,2013-01-14,83.66666666666667
4711,2013-01-15,74.66666666666667
4714,2013-01-16,83.66666666666667
4717,2013-01-17,90.33333333333333
4720,2013-01-18,82.66666666666667
4723,2013-01-19,74.0
4726,2013-01-20,72.0
4729,2013-01-21,72.66666666666667
4732,2013-01-22,67.66666666666667
4735,2013-01-23,67.66666666666667
4738,2013-01-24,86.66666666666667
4741,2013-01-25,73.0
4744,2013-01-26,72.66666666666667
4747,2013-01-27,69.33333333333333
4750,2013-01-28,69.33333333333333
4753,2013-01-29,68.66666666666667
4756,2013-01-30,74.66666666666667
4759,2013-01-31,75.33333333333333
4762,2013-02-01,81.33333333333333
4765,2013-02-02,79.0
4768,2013-02-03,79.66666666666667
4771,2013-02-04,85.0
4774,2013-02-05,85.0
4777,2013-02-06,80.0
4780,2013-02-07,77.66666666666667
4783,2013-02-08,85.33333333333333
4786,2013-02-09,86.33333333333333
4789,2013-02-10,84.0
4792,2013-02-11,82.66666666666667
4795,2013-02-12,88.66666666666667
4798,2013-02-13,81.0
4801,2013-02-14,80.0
4804,2013-02-15,66.66666666666667
4807,2013-02-16,76.0
4810,2013-02-17,90.66666666666667
4813,2013-02-18,74.0
4816,2013-02-19,71.0
4819,2013-02-20,78.33333333333333
4822,2013-02-21,74.0
4825,2013-02-22,73.33333333333333
4828,2013-02-23,73.0
4831,2013-02-24,83.5
4833,2013-02-25,66.5
4835,2013-02-26,75.33333333333333
4838,2013-02-27,84.0
4841,2013-02-28,74.0
4844,2013-03-01,83.33333333333333
4847,2013-03-02,75.33333333333333
4850,2013-03-03,77.66666666666667
4853,2013-03-04,77.0
4856,2013-03-05,64.66666666666667
4859,2013-03-06,75.0
4862,2013-03-07,72.0
4865,2013-03-08,75.33333333333333
4868,2013-03-09,77.66666666666667
4871,2013-03-10,71.66666666666667
4874,2013-03-11,68.0
4877,2013-03-12,76.66666666666667
4880,2013-03-13,81.0
4883,2013-03-14,81.66666666666667
4886,2013-03-15,92.0
4888,2013-03-16,82.66666666666667
4891,2013-03-17,85.0
4894,2013-03-18,93.5
4896,2013-03-19,86.0
4898,2013-03-20,73.33333333333333
4901,2013-03-21,87.66666666666667
4904,2013-03-22,80.0
4907,2013-03-23,83.33333333333333
4910,2013-03-24,76.33333333333333
4913,2013-03-25,96.5
4915,2013-03-26,93.0
4917,2013-03-27,88.5
4919,2013-03-28,78.0
4921,2013-03-29,91.5
4923,2013-03-30,83.0
4925,2013-03-31,90
4926,2013-04-01,70.33333333333333
4929,2013-04-02,82.66666666666667
4932,2013-04-03,71.66666666666667
4935,2013-04-04,79.66666666666667
4938,2013-04-05,78.33333333333333
4941,2013-04-06,71.66666666666667
4944,2013-04-07,70.66666666666667
4947,2013-04-08,71.0
4950,2013-04-09,71.0
4953,2013-04-10,72.0
4956,2013-04-11,69.66666666666667
4959,2013-04-12,74.0
4962,2013-04-13,65.66666666666667
4965,2013-04-14,75.33333333333333
4968,2013-04-15,74.33333333333333
4971,2013-04-16,82.5
4973,2013-04-17,88.0
4975,2013-04-18,80.33333333333333
4978,2013-04-19,89.5
4980,2013-04-20,84.66666666666667
4983,2013-04-21,80.33333333333333
4986,2013-04-22,79.0
4988,2013-04-23,78.66666666666667
4991,2013-04-24,54.333333333333336
4994,2013-04-25,57.666666666666664
4997,2013-04-26,68.66666666666667
5000,2013-04-27,74.33333333333333
5003,2013-04-28,76.66666666666667
5006,2013-04-29,77.0
5009,2013-04-30,70.0
5012,2013-05-01,84.0
5015,2013-05-02,89.66666666666667
5018,2013-05-03,77.66666666666667
5021,2013-05-04,73.0
5024,2013-05-05,82.33333333333333
5027,2013-05-06,73.33333333333333
5030,2013-05-07,95.0
5033,2013-05-08,79.33333333333333
5036,2013-05-09,90.0
5039,2013-05-10,80.33333333333333
5042,2013-05-11,78.66666666666667
5045,2013-05-12,80.33333333333333
5048,2013-05-13,76.66666666666667
5051,2013-05-14,90.66666666666667
5054,2013-05-15,87.0
5057,2013-05-16,82.33333333333333
5060,2013-05-17,83.33333333333333
5063,2013-05-18,82.0
5066,2013-05-19,79.33333333333333
5069,2013-05-20,84.0
5072,2013-05-21,85.33333333333333
5075,2013-05-22,80.66666666666667
5078,2013-05-23,88.0
5081,2013-05-24,83.33333333333333
5084,2013-05-25,79.0
5087,2013-05-26,77.33333333333333
5090,2013-05-27,80.0
5093,2013-05-28,81.33333333333333
5096,2013-05-29,80.33333333333333
5099,2013-05-30,82.0
5102,2013-05-31,88.66666666666667
5105,2013-06-01,80.0
5108,2013-06-02,95
5109,2013-06-03,53.333333333333336
5112,2013-06-04,59.333333333333336
5115,2013-06-05,59.333333333333336
5118,2013-06-06,69.33333333333333
5121,2013-06-07,68.66666666666667
5124,2013-06-08,56.333333333333336
5127,2013-06-09,60.0
5130,2013-06-10,64.66666666666667
5133,2013-06-11,79.33333333333333
5136,2013-06-12,82.33333333333333
5139,2013-06-13,73.66666666666667
5142,2013-06-14,83.66666666666667
5145,2013-06-15,73.0
5147,2013-06-16,68.66666666666667
5150,2013-06-17,73.0
5153,2013-06-18,66.0
5156,2013-06-19,75.33333333333333
5159,2013-06-20,74.5
5161,2013-06-21,61.0
5164,2013-06-22,69.33333333333333
5167,2013-06-23,64.33333333333333
5170,2013-06-24,76.0
5173,2013-06-25,76.33333333333333
5176,2013-06-26,68.0
5179,2013-06-27,65.66666666666667
5182,2013-06-28,79.33333333333333
5185,2013-06-29,88.5
5187,2013-06-30,84.33333333333333
5190,2013-07-01,83.33333333333333
5193,2013-07-02,81.66666666666667
5196,2013-07-03,77.33333333333333
5199,2013-07-04,83.33333333333333
5202,2013-07-05,85.33333333333333
5205,2013-07-06,68.0
5207,2013-07-07,67.0
5210,2013-07-08,66.66666666666667
5213,2013-07-09,67.0
5216,2013-07-10,69.66666666666667
5219,2013-07-11,71.0
5222,2013-07-12,78.0
5225,2013-07-13,66.66666666666667
5228,2013-07-14,64.0
5231,2013-07-15,68.0
5234,2013-07-16,59.666666666666664
5237,2013-07-17,71.66666666666667
5240,2013-07-18,73.0
5243,2013-07-19,81.0
5246,2013-07-20,66.0
5249,2013-07-21,71.33333333333333
5252,2013-07-22,71.0
5255,2013-07-23,77.33333333333333
5258,2013-07-24,52.0
5261,2013-07-25,61.333333333333336
5264,2013-07-26,68.66666666666667
5267,2013-07-27,55.666666666666664
5270,2013-07-28,58.666666666666664
5273,2013-07-29,66.66666666666667
5276,2013-07-30,74.33333333333333
5279,2013-07-31,67.0
5282,2013-08-01,78.0
5284,2013-08-02,64.0
5287,2013-08-03,55.666666666666664
5290,2013-08-04,61.666666666666664
5293,2013-08-05,58.0
5296,2013-08-06,66.66666666666667
5299,2013-08-07,81.0
5302,2013-08-08,84.0
5305,2013-08-09,81.66666666666667
5308,2013-08-10,82.0
5311,2013-08-11,86.0
5314,2013-08-12,73.33333333333333
5317,2013-08-13,74.33333333333333
5320,2013-08-14,74.66666666666667
5323,2013-08-15,66.66666666666667
5326,2013-08-16,66.33333333333333
5329,2013-08-17,62.666666666666664
5332,2013-08-18,74.33333333333333
5335,2013-08-19,71.0
5338,2013-08-20,70.0
5340,2013-08-21,62.666666666666664
5343,2013-08-22,63.0
5346,2013-08-23,69.33333333333333
5349,2013-08-24,83.66666666666667
5352,2013-08-25,83.33333333333333
5355,2013-08-26,84.66666666666667
5358,2013-08-27,60.0
5361,2013-08-28,72.0
5364,2013-08-29,48.333333333333336
5367,2013-08-30,47.333333333333336
5370,2013-08-31,57.0
5373,2013-10-01,77.33333333333333
5376,2013-10-02,79.33333333333333
5379,2013-10-03,82.33333333333333
5382,2013-10-04,74.33333333333333
5385,2013-10-05,62.666666666666664
5388,2013-10-06,53.666666666666664
5391,2013-10-07,65.66666666666667
5394,2013-10-08,58.333333333333336
5397,2013-10-09,61.666666666666664
5400,2013-10-10,81.33333333333333
5403,2013-10-11,74.0
5406,2013-10-12,83.33333333333333
5409,2013-10-13,91.33333333333333
5412,2013-10-14,85.0
5415,2013-10-15,82.0
5418,2013-10-16,84.33333333333333
5421,2013-10-17,75.0
5424,2013-10-18,78.33333333333333
5427,2013-10-19,71.0
5430,2013-10-20,72.0
5433,2013-10-21,94.33333333333333
5436,2013-10-22,76.33333333333333
5439,2013-10-23,72.33333333333333
5442,2013-10-24,80.0
5445,2013-10-25,69.66666666666667
5448,2013-10-26,71.66666666666667
5451,2013-10-27,77.66666666666667
5454,2013-10-28,79.66666666666667
5457,2013-10-29,69.5
5459,2013-10-30,76.33333333333333
5462,2013-10-31,78.66666666666667
5465,2013-11-01,77.66666666666667
5468,2013-11-02,83.33333333333333
5471,2013-11-03,72.0
5474,2013-11-04,83.66666666666667
5477,2013-11-05,86.66666666666667
5480,2013-11-06,81.0
5483,2013-11-07,83.0
5486,2013-11-08,75.0
5489,2013-11-09,78.66666666666667
5492,2013-11-10,75.0
5495,2013-11-11,84.33333333333333
5498,2013-11-12,83.0
5501,2013-11-13,78.66666666666667
5504,2013-11-14,79.66666666666667
5507,2013-11-15,73.33333333333333
5510,2013-11-16,81.66666666666667
5513,2013-11-17,83.66666666666667
5516,2013-11-18,82.66666666666667
5519,2013-11-19,82.0
5522,2013-11-20,79.33333333333333
5525,2013-11-21,82.33333333333333
5528,2013-11-22,76.66666666666667
5531,2013-11-23,82.0
5534,2013-11-24,82.0
5537,2013-11-25,82.0
5540,2013-11-26,83.0
5543,2013-11-27,81.0
5546,2013-11-28,79.33333333333333
5549,2013-11-29,80.66666666666667
5552,2013-11-30,65.33333333333333
5555,2013-12-01,78.33333333333333
5558,2013-12-02,79.33333333333333
5561,2013-12-03,88.66666666666667
5564,2013-12-04,76.33333333333333
5567,2013-12-05,75.0
5570,2013-12-06,76.33333333333333
5573,2013-12-07,86.33333333333333
5576,2013-12-08,85.66666666666667
5579,2013-12-09,87.66666666666667
5582,2013-12-10,84.33333333333333
5585,2013-12-11,73.33333333333333
5588,2013-12-12,77.66666666666667
5591,2013-12-13,78.0
5594,2013-12-14,76.66666666666667
5597,2013-12-15,79.0
5600,2013-12-16,78.0
5603,2013-12-17,89.66666666666667
5606,2013-12-18,81.66666666666667
5609,2013-12-19,84.33333333333333
5612,2013-12-20,73.0
5615,2013-12-21,84.66666666666667
5618,2013-12-22,78.33333333333333
5621,2013-12-23,80.66666666666667
5624,2013-12-24,77.0
5627,2013-12-25,69.66666666666667
5630,2013-12-26,77.66666666666667
5633,2013-12-27,66.33333333333333
5636,2013-12-28,68.5
5638,2013-12-29,71.0
5640,2013-12-30,81.33333333333333
5643,2013-12-31,71.66666666666667
5646,2014-01-01,79.66666666666667
5649,2014-01-02,82.33333333333333
5652,2014-01-03,82.0
5655,2014-01-04,80.0
5658,2014-01-05,80.0
5661,2014-01-06,91.33333333333333
5664,2014-01-07,84.0
5667,2014-01-08,85.33333333333333
5670,2014-01-09,75.0
5673,2014-01-10,84.0
5676,2014-01-11,82.0
5679,2014-01-12,81.33333333333333
5682,2014-01-13,68.0
5685,2014-01-14,74.0
5688,2014-01-15,83.0
5691,2014-01-16,80.66666666666667
5694,2014-01-17,71.0
5697,2014-01-18,76.0
5700,2014-01-19,76.66666666666667
5703,2014-01-20,73.33333333333333
5706,2014-01-21,87.0
5709,2014-01-22,89.33333333333333
5712,2014-01-23,65.0
5715,2014-01-24,79.33333333333333
5718,2014-01-25,78.0
5721,2014-01-26,81.66666666666667
5724,2014-01-27,82.33333333333333
5727,2014-01-28,84.0
5730,2014-01-29,78.33333333333333
5733,2014-01-30,77.0
5736,2014-01-31,77.0
5739,2014-02-01,76.33333333333333
5742,2014-02-02,83.0
5745,2014-02-03,77.33333333333333
5748,2014-02-04,71.0
5751,2014-02-05,81.0
5754,2014-02-06,74.33333333333333
5757,2014-02-07,78.66666666666667
5760,2014-02-08,82.66666666666667
5763,2014-02-09,74.33333333333333
5766,2014-02-10,73.33333333333333
5769,2014-02-11,81.33333333333333
5772,2014-02-12,74.66666666666667
5775,2014-02-13,81.0
5778,2014-02-14,75.33333333333333
5781,2014-02-15,83.33333333333333
5784,2014-02-16,83.0
5787,2014-02-17,72.66666666666667
5790,2014-02-18,85.0
5793,2014-02-19,81.66666666666667
5796,2014-02-20,85.33333333333333
5799,2014-02-21,88.0
5802,2014-02-22,84.33333333333333
5805,2014-02-23,86.66666666666667
5808,2014-02-24,80.66666666666667
5811,2014-02-25,81.33333333333333
5814,2014-02-26,81.33333333333333
5817,2014-02-27,93.0
5820,2014-02-28,92.66666666666667
5823,2014-03-01,98
5824,2014-03-06,82.0
5827,2014-03-07,77.0
5830,2014-03-08,83.66666666666667
5833,2014-03-09,89.66666666666667
5836,2014-03-10,71.0
5839,2014-03-11,75.66666666666667
5842,2014-03-12,87.66666666666667
5845,2014-03-13,82.66666666666667
5848,2014-03-14,75.66666666666667
5851,2014-03-15,75.33333333333333
5854,2014-03-16,84.0
5857,2014-03-17,78.0
5860,2014-03-18,81.0
5863,2014-03-19,78.33333333333333
5866,2014-03-20,77.66666666666667
5869,2014-03-21,76.66666666666667
5872,2014-03-22,77.66666666666667
5875,2014-03-23,71.66666666666667
5878,2014-03-24,79.0
5881,2014-03-25,87.66666666666667
5884,2014-03-26,95.33333333333333
5887,2014-03-27,67.66666666666667
5890,2014-03-28,77.33333333333333
5893,2014-03-29,76.33333333333333
5896,2014-03-30,87.0
5899,2014-03-31,74.66666666666667
5902,2014-04-01,57.0
5905,2014-04-02,61.333333333333336
5908,2014-04-03,83.66666666666667
5911,2014-04-04,82.66666666666667
5914,2014-04-05,67.0
5917,2014-04-06,61.333333333333336
5920,2014-04-07,79.66666666666667
5923,2014-04-08,71.33333333333333
5926,2014-04-09,84.33333333333333
5929,2014-04-10,63.333333333333336
5932,2014-04-11,61.0
5935,2014-04-12,73.33333333333333
5938,2014-04-13,70.33333333333333
5941,2014-04-14,69.33333333333333
5944,2014-04-15,88.66666666666667
5947,2014-04-16,82.66666666666667
5950,2014-04-17,83.33333333333333
5953,2014-04-18,82.0
5956,2014-04-19,90.0
5959,2014-04-20,70.66666666666667
5962,2014-04-21,78.0
5965,2014-04-22,80.66666666666667
5968,2014-04-23,88.66666666666667
5971,2014-04-24,90.66666666666667
5974,2014-04-25,79.66666666666667
5977,2014-04-26,90.33333333333333
5980,2014-04-27,77.33333333333333
5983,2014-04-28,82.0
5986,2014-04-29,74.66666666666667
5989,2014-04-30,78.66666666666667
5992,2014-05-01,82.33333333333333
5995,2014-05-02,82.33333333333333
5998,2014-05-03,80.33333333333333
6001,2014-05-04,90.0
6004,2014-05-05,75.33333333333333
6007,2014-05-06,92.0
6010,2014-05-07,90.66666666666667
6013,2014-05-08,84.66666666666667
6016,2014-05-09,81.0
6019,2014-05-10,85.0
6022,2014-05-11,81.0
6025,2014-05-12,83.0
6028,2014-05-13,67.0
6031,2014-05-14,86.66666666666667
6034,2014-05-15,83.0
6037,2014-05-16,89.0
6040,2014-05-17,81.66666666666667
6043,2014-05-18,77.66666666666667
6046,2014-05-19,90.66666666666667
6049,2014-05-20,80.33333333333333
6052,2014-05-21,81.66666666666667
6055,2014-05-22,73.0
6058,2014-05-23,82.66666666666667
6061,2014-05-24,69.0
6064,2014-05-25,71.0
6067,2014-05-26,83.33333333333333
6070,2014-05-27,82.0
6073,2014-05-28,82.66666666666667
6076,2014-05-29,79.33333333333333
6079,2014-05-30,75.33333333333333
6082,2014-05-31,78.0
6085,2014-06-01,82.0
6088,2014-06-02,84.33333333333333
6091,2014-06-03,86.0
6094,2014-06-04,89.0
6097,2014-06-05,74.66666666666667
6100,2014-06-06,76.66666666666667
6103,2014-06-07,85.33333333333333
6106,2014-06-08,79.33333333333333
6109,2014-06-09,72.66666666666667
6112,2014-06-10,85.66666666666667
6115,2014-06-11,61.0
6118,2014-06-12,61.0
6121,2014-06-13,64.33333333333333
6124,2014-06-14,82.66666666666667
6127,2014-06-15,59.333333333333336
6130,2014-06-16,61.0
6133,2014-06-17,62.0
6136,2014-06-18,66.0
6139,2014-06-19,63.0
6142,2014-06-20,63.0
6145,2014-06-21,67.33333333333333
6148,2014-06-22,65.0
6151,2014-06-23,70.0
6154,2014-06-24,81.0
6157,2014-06-25,88.33333333333333
6160,2014-06-26,73.33333333333333
6163,2014-06-27,76.66666666666667
6166,2014-06-28,59.333333333333336
6169,2014-06-29,57.666666666666664
6172,2014-06-30,81.66666666666667
6175,2014-07-01,78.0
6178,2014-07-02,78.33333333333333
6181,2014-07-03,74.33333333333333
6184,2014-07-04,78.33333333333333
6187,2014-07-05,72.66666666666667
6190,2014-07-06,75.66666666666667
6193,2014-07-07,66.0
6196,2014-07-08,63.333333333333336
6199,2014-07-09,57.666666666666664
6202,2014-07-10,63.0
6205,2014-07-11,59.666666666666664
6208,2014-07-12,62.666666666666664
6211,2014-07-13,60.666666666666664
6214,2014-07-14,61.666666666666664
6217,2014-07-15,63.0
6220,2014-07-16,59.0
6223,2014-07-17,59.333333333333336
6226,2014-07-18,57.666666666666664
6229,2014-07-19,60.333333333333336
6232,2014-07-20,63.333333333333336
6235,2014-07-21,59.0
6238,2014-07-22,61.333333333333336
6241,2014-07-23,59.0
6244,2014-07-24,59.0
6247,2014-07-25,56.666666666666664
6250,2014-07-26,72.0
6253,2014-07-27,68.33333333333333
6256,2014-07-28,52.0
6259,2014-07-29,58.0
6262,2014-07-30,56.0
6265,2014-07-31,58.0
6268,2014-08-01,58.666666666666664
6271,2014-08-02,62.333333333333336
6274,2014-08-03,62.0
6277,2014-08-04,63.666666666666664
6280,2014-08-05,70.0
6283,2014-08-06,75.66666666666667
6286,2014-08-07,58.333333333333336
6289,2014-08-08,58.333333333333336
6292,2014-08-09,60.666666666666664
6295,2014-08-10,68.66666666666667
6298,2014-08-11,81.66666666666667
6301,2014-08-12,80.33333333333333
6304,2014-08-13,58.333333333333336
6307,2014-08-14,53.666666666666664
6310,2014-08-15,56.333333333333336
6313,2014-08-16,57.666666666666664
6316,2014-08-17,58.0
6319,2014-08-18,64.0
6322,2014-08-19,49.333333333333336
6325,2014-08-20,51.333333333333336
6328,2014-08-21,51.0
6331,2014-08-22,67.33333333333333
6334,2014-08-23,70.66666666666667
6337,2014-08-24,71.0
6340,2014-08-25,84.33333333333333
6343,2014-08-26,73.0
6346,2014-08-27,75.33333333333333
6349,2014-08-28,78.33333333333333
6352,2014-08-29,58.0
6355,2014-08-30,50.333333333333336
6358,2014-08-31,41.666666666666664
6361,2014-09-01,56.0
6364,2014-09-02,79.66666666666667
6367,2014-09-03,78.66666666666667
6370,2014-09-04,59.666666666666664
6373,2014-09-05,52.333333333333336
6376,2014-09-06,57.333333333333336
6379,2014-09-07,58.333333333333336
6382,2014-09-08,60.333333333333336
6385,2014-09-09,57.666666666666664
6388,2014-09-10,70.66666666666667
6391,2014-09-11,82.66666666666667
6394,2014-09-12,72.66666666666667
6397,2014-09-13,77.0
6400,2014-09-14,66.33333333333333
6403,2014-09-15,72.66666666666667
6406,2014-09-16,69.66666666666667
6409,2014-09-17,65.0
6412,2014-09-18,79.0
6415,2014-09-19,79.66666666666667
6418,2014-09-20,78.0
6421,2014-09-21,74.33333333333333
6424,2014-09-22,90.0
6427,2014-09-23,80.33333333333333
6430,2014-09-24,73.0
6433,2014-09-25,67.66666666666667
6436,2014-09-26,66.66666666666667
6439,2014-09-27,72.66666666666667
6442,2014-09-28,53.666666666666664
6445,2014-09-29,54.333333333333336
6448,2014-09-30,52.666666666666664
6451,2014-10-01,50.333333333333336
6454,2014-10-02,52.666666666666664
6457,2014-10-03,62.333333333333336
6460,2014-10-04,72.33333333333333
6463,2014-10-05,70.0
6466,2014-10-06,64.0
6469,2014-10-07,84.0
6472,2014-10-08,87.0
6475,2014-10-09,74.33333333333333
6478,2014-10-10,78.33333333333333
6481,2014-10-11,89.66666666666667
6484,2014-10-12,74.0
6487,2014-10-13,59.333333333333336
6490,2014-10-14,58.333333333333336
6493,2014-10-15,61.0
6496,2014-10-16,67.66666666666667
6499,2014-10-17,74.66666666666667
6502,2014-10-18,77.66666666666667
6505,2014-10-19,82.66666666666667
6508,2014-10-20,83.0
6511,2014-10-21,64.33333333333333
6514,2014-10-22,79.66666666666667
6517,2014-10-23,76.66666666666667
6520,2014-10-24,86.0
6523,2014-10-25,73.66666666666667
6526,2014-10-26,81.66666666666667
6529,2014-10-27,73.0
6532,2014-10-28,76.33333333333333
6535,2014-10-29,78.66666666666667
6538,2014-10-30,81.0
6541,2014-10-31,72.33333333333333
6544,2014-11-01,71.66666666666667
6547,2014-11-02,82.66666666666667
6550,2014-11-03,80.33333333333333
6553,2014-11-04,89.0
6556,2014-11-05,74.0
6559,2014-11-06,79.33333333333333
6562,2014-11-07,78.0
6565,2014-11-08,78.33333333333333
6568,2014-11-09,78.33333333333333
6571,2014-11-10,81.66666666666667
6574,2014-11-11,79.66666666666667
6577,2014-11-12,91.0
6580,2014-11-13,81.33333333333333
6583,2014-11-14,87.66666666666667
6586,2014-11-15,72.66666666666667
6589,2014-11-16,77.0
6592,2014-11-17,80.66666666666667
6595,2014-11-18,79.33333333333333
6598,2014-11-19,73.66666666666667
6601,2014-11-20,84.66666666666667
6604,2014-11-21,80.0
6607,2014-11-22,85.33333333333333
6610,2014-11-23,77.33333333333333
6613,2014-11-24,84.66666666666667
6616,2014-11-25,82.66666666666667
6619,2014-11-26,75.0
6622,2014-11-27,71.66666666666667
6625,2014-11-28,75.33333333333333
6628,2014-11-29,71.33333333333333
6631,2014-11-30,79.66666666666667
6634,2014-12-01,71.33333333333333
6637,2014-12-02,62.666666666666664
6640,2014-12-03,62.333333333333336
6643,2014-12-04,83.0
6646,2014-12-05,81.66666666666667
6649,2014-12-06,80.66666666666667
6652,2014-12-07,83.66666666666667
6655,2014-12-08,71.33333333333333
6658,2014-12-09,84.33333333333333
6661,2014-12-10,81.0
6664,2014-12-11,76.66666666666667
6667,2014-12-12,72.66666666666667
6670,2014-12-13,77.0
6673,2014-12-14,80.33333333333333
6676,2014-12-15,75.0
6679,2014-12-16,74.0
6682,2014-12-17,82.0
6685,2014-12-18,83.0
6688,2014-12-19,77.66666666666667
6691,2014-12-20,81.0
6694,2014-12-21,80.66666666666667
6697,2014-12-22,68.0
6700,2014-12-23,58.0
6703,2014-12-24,68.33333333333333
6706,2014-12-25,77.0
6709,2014-12-26,71.66666666666667
6712,2014-12-27,73.33333333333333
6715,2014-12-28,72.33333333333333
6718,2014-12-29,71.66666666666667
6721,2014-12-30,70.33333333333333
6724,2014-12-31,79.33333333333333
6727,2015-01-01,67.33333333333333
6730,2015-01-02,58.666666666666664
6733,2015-01-03,63.0
6736,2015-01-04,62.0
6739,2015-01-05,64.0
6742,2015-01-06,55.333333333333336
6745,2015-01-07,55.333333333333336
6748,2015-01-08,67.66666666666667
6751,2015-01-09,61.666666666666664
6754,2015-01-10,63.0
6757,2015-01-11,64.66666666666667
6760,2015-01-12,72.0
6763,2015-01-13,68.33333333333333
6766,2015-01-14,66.0
6769,2015-01-15,74.66666666666667
6772,2015-01-16,81.66666666666667
6775,2015-01-17,79.66666666666667
6778,2015-01-18,68.33333333333333
6781,2015-01-19,77.33333333333333
6784,2015-01-20,76.33333333333333
6787,2015-01-21,80.33333333333333
6790,2015-01-22,81.33333333333333
6793,2015-01-23,80.0
6796,2015-01-24,80.0
6799,2015-01-25,75.0
6802,2015-01-26,77.66666666666667
6805,2015-01-27,77.0
6808,2015-01-28,80.0
6811,2015-01-29,68.33333333333333
6814,2015-01-30,73.0
6817,2015-01-31,75.0
6820,2015-02-01,65.33333333333333
6823,2015-02-02,65.33333333333333
6826,2015-02-03,53.333333333333336
6829,2015-02-04,60.333333333333336
6832,2015-02-05,78.33333333333333
6835,2015-02-06,83.66666666666667
6838,2015-02-07,85.0
6841,2015-02-08,81.66666666666667
6844,2015-02-09,83.33333333333333
6847,2015-02-10,78.33333333333333
6850,2015-02-11,73.0
6853,2015-02-12,73.0
6856,2015-02-13,65.0
6859,2015-02-14,73.66666666666667
6862,2015-02-15,81.0
6865,2015-02-16,66.0
6868,2015-02-17,60.333333333333336
6871,2015-02-18,77.66666666666667
6874,2015-02-19,59.333333333333336
6877,2015-02-20,72.0
6880,2015-02-21,76.66666666666667
6883,2015-02-22,67.0
6886,2015-02-23,71.66666666666667
6889,2015-02-24,82.66666666666667
6892,2015-02-25,73.66666666666667
6895,2015-02-26,63.666666666666664
6898,2015-02-27,75.0
6901,2015-02-28,78.33333333333333
6904,2015-03-01,82.0
6907,2015-03-02,76.66666666666667
6910,2015-03-03,69.33333333333333
6913,2015-03-04,79.33333333333333
6916,2015-03-05,68.33333333333333
6919,2015-03-06,86.33333333333333
6922,2015-03-07,75.0
6925,2015-03-08,62.333333333333336
6928,2015-03-09,63.333333333333336
6931,2015-03-10,61.666666666666664
6934,2015-03-11,58.666666666666664
6937,2015-03-12,67.33333333333333
6940,2015-03-13,72.33333333333333
6943,2015-03-14,82.0
6946,2015-03-15,76.33333333333333
6949,2015-03-16,83.33333333333333
6952,2015-03-17,81.0
6955,2015-03-18,90.0
6958,2015-03-19,80.0
6961,2015-03-20,79.0
6964,2015-03-21,67.0
6967,2015-03-22,75.0
6970,2015-03-23,78.33333333333333
6973,2015-03-24,73.66666666666667
6976,2015-03-25,79.0
6979,2015-03-26,76.66666666666667
6982,2015-03-27,73.33333333333333
6985,2015-03-28,81.66666666666667
6988,2015-03-29,89.33333333333333
6991,2015-03-30,74.33333333333333
6994,2015-03-31,83.33333333333333
6997,2015-04-01,71.66666666666667
7000,2015-04-02,70.0
7003,2015-04-03,82.33333333333333
7006,2015-04-04,80.0
7009,2015-04-05,86.0
7012,2015-04-06,78.0
7015,2015-04-07,68.0
7018,2015-04-08,77.66666666666667
7021,2015-04-09,63.0
7024,2015-04-10,60.0
7027,2015-04-11,71.66666666666667
7030,2015-04-12,68.0
7033,2015-04-13,85.66666666666667
7036,2015-04-14,74.0
7039,2015-04-15,76.66666666666667
7042,2015-04-16,80.33333333333333
7045,2015-04-17,83.33333333333333
7048,2015-04-18,76.66666666666667
7051,2015-04-19,78.33333333333333
7054,2015-04-20,80.33333333333333
7057,2015-04-21,78.0
7060,2015-04-22,72.33333333333333
7063,2015-04-23,61.333333333333336
7066,2015-04-24,68.0
7069,2015-04-25,77.33333333333333
7072,2015-04-26,59.0
7075,2015-04-27,55.666666666666664
7078,2015-04-28,61.0
7081,2015-04-29,60.0
7084,2015-04-30,69.66666666666667
7087,2015-05-01,79.33333333333333
7090,2015-05-02,77.66666666666667
7093,2015-05-03,81.66666666666667
7096,2015-05-04,77.33333333333333
7099,2015-05-05,68.0
7102,2015-05-06,81.66666666666667
7105,2015-05-07,63.0
7108,2015-05-08,66.0
7111,2015-05-09,61.0
7114,2015-05-10,57.666666666666664
7117,2015-05-11,46.333333333333336
7120,2015-05-12,51.333333333333336
7123,2015-05-13,67.33333333333333
7126,2015-05-14,59.666666666666664
7129,2015-05-15,70.66666666666667
7132,2015-05-16,73.0
7135,2015-05-17,82.0
7138,2015-05-18,85.66666666666667
7141,2015-05-19,66.0
7144,2015-05-20,71.0
7147,2015-05-21,79.0
7150,2015-05-22,70.0
7153,2015-05-23,71.66666666666667
7156,2015-05-24,72.33333333333333
7159,2015-05-25,82.66666666666667
7162,2015-05-26,68.33333333333333
7165,2015-05-27,74.66666666666667
7168,2015-05-28,76.66666666666667
7171,2015-05-29,88.33333333333333
7174,2015-05-30,81.33333333333333
7177,2015-05-31,72.66666666666667
7180,2015-06-01,66.66666666666667
7183,2015-06-02,61.333333333333336
7186,2015-06-03,70.0
7189,2015-06-04,60.666666666666664
7192,2015-06-05,67.33333333333333
7195,2015-06-06,70.0
7198,2015-06-07,76.33333333333333
7201,2015-06-08,82.66666666666667
7204,2015-06-09,83.66666666666667
7207,2015-06-10,80.0
7210,2015-06-11,62.0
7213,2015-06-12,71.0
7216,2015-06-13,76.0
7219,2015-06-14,75.33333333333333
7222,2015-06-15,69.33333333333333
7225,2015-06-16,62.333333333333336
7228,2015-06-17,67.0
7231,2015-06-18,51.666666666666664
7234,2015-06-19,68.0
7237,2015-06-20,70.33333333333333
7240,2015-06-21,73.0
7243,2015-06-22,66.33333333333333
7246,2015-06-23,62.666666666666664
7249,2015-06-24,55.333333333333336
7252,2015-06-25,56.333333333333336
7255,2015-06-26,78
7256,2015-07-01,51.666666666666664
7259,2015-07-02,48.666666666666664
7262,2015-07-03,50.666666666666664
7265,2015-07-04,55.0
7268,2015-07-05,65.33333333333333
7271,2015-07-06,75.66666666666667
7274,2015-07-07,77.0
7277,2015-07-08,68.0
7280,2015-07-09,54.666666666666664
7283,2015-07-10,57.666666666666664
7286,2015-07-11,63.666666666666664
7289,2015-07-12,60.333333333333336
7292,2015-07-13,60.666666666666664
7295,2015-07-14,72.0
7298,2015-07-15,66.0
7301,2015-07-16,56.0
7304,2015-07-17,52.666666666666664
7307,2015-07-18,67.66666666666667
7310,2015-07-19,75.0
7313,2015-07-20,74.33333333333333
7316,2015-07-21,76.5
7318,2015-07-22,76.0
7320,2015-07-23,75.0
7322,2015-07-24,54.5
7324,2015-07-25,53.5
7326,2015-07-26,59.5
7328,2015-08-13,48.5
7330,2015-08-14,65.33333333333333
7333,2015-08-15,55.0
7336,2015-08-16,59.0
7339,2015-08-17,53.0
7342,2015-08-18,49.0
7345,2015-08-19,51.666666666666664
7348,2015-08-20,51.0
7351,2015-08-21,52.666666666666664
7354,2015-08-22,53.0
7357,2015-08-23,60.0
7360,2015-08-24,56.333333333333336
7363,2015-08-25,61.333333333333336
7366,2015-08-26,61.333333333333336
7369,2015-08-27,65.0
7372,2015-08-28,51.666666666666664
7375,2015-08-29,49.333333333333336
7378,2015-08-30,51.666666666666664
7381,2015-08-31,55.0
7384,2015-09-01,53.0
7387,2015-09-02,55.0
7390,2015-09-03,52.0
7393,2015-09-04,49.0
7396,2015-09-05,57.333333333333336
7399,2015-09-06,79.0
7401,2015-09-07,56.333333333333336
7404,2015-09-08,53.0
7407,2015-09-09,55.666666666666664
7410,2015-09-10,66.66666666666667
7413,2015-09-11,77.0
7416,2015-09-12,44.0
7419,2015-09-13,43.666666666666664
7422,2015-09-14,47.666666666666664
7425,2015-09-15,47.333333333333336
7428,2015-09-16,53.0
7431,2015-09-17,69.66666666666667
7434,2015-09-18,79.33333333333333
7437,2015-09-19,68.66666666666667
7440,2015-09-20,59.0
7443,2015-09-21,62.0
7446,2015-09-22,49.666666666666664
7449,2015-09-23,61.0
7452,2015-09-24,49.666666666666664
7455,2015-09-25,42.333333333333336
7458,2015-09-26,47.0
7461,2015-09-27,51.666666666666664
7464,2015-09-28,42.666666666666664
7467,2015-09-29,58.666666666666664
7470,2015-09-30,73.0
7473,2015-10-01,60.5
7475,2015-10-02,67.66666666666667
7478,2015-10-03,70.33333333333333
7481,2015-10-04,66.5
7483,2015-10-05,33.0
7485,2015-10-06,57.0
7487,2015-10-07,61.333333333333336
7490,2015-10-08,62.333333333333336
7493,2015-10-09,69.33333333333333
7496,2015-10-10,79.5
7498,2015-10-11,80.0
7501,2015-10-12,76.66666666666667
7504,2015-10-13,78.66666666666667
7507,2015-10-14,81.66666666666667
7510,2015-10-15,83.66666666666667
7513,2015-10-16,76.0
7516,2015-10-17,59.666666666666664
7519,2015-10-18,67.33333333333333
7522,2015-10-19,90
7523,2015-10-20,59
7524,2015-10-21,58.333333333333336
7527,2015-10-22,66.66666666666667
7530,2015-10-23,68.33333333333333
7533,2015-10-24,71.66666666666667
7536,2015-10-25,70.66666666666667
7539,2015-10-26,95
7540,2015-10-27,71.0
7543,2015-10-28,76.33333333333333
7546,2015-10-29,70.66666666666667
7549,2015-10-30,72.66666666666667
7552,2015-10-31,85.66666666666667
7555,2015-11-01,86.66666666666667
7558,2015-11-02,86.66666666666667
7561,2015-11-03,75.0
7564,2015-11-04,83.66666666666667
7567,2015-11-05,88.66666666666667
7570,2015-11-06,84.33333333333333
7573,2015-11-07,85.0
7576,2015-11-08,81.66666666666667
7579,2015-11-09,98
7580,2015-11-10,71.0
7583,2015-11-11,78.33333333333333
7586,2015-11-12,76.0
7589,2015-11-13,71.0
7592,2015-11-14,96
7593,2015-11-15,79.0
7596,2015-11-16,78.33333333333333
7599,2015-11-17,87.0
7602,2015-11-18,95
7603,2015-11-19,78.66666666666667
7606,2015-11-20,87.0
7609,2015-11-21,86.5
7611,2015-11-22,75.0
7613,2015-11-26,78.0
7616,2015-11-27,83.33333333333333
7619,2015-11-28,76.66666666666667
7622,2015-11-29,78.0
7624,2015-11-30,78.0
7627,2015-12-01,68.66666666666667
7630,2015-12-02,57.333333333333336
7633,2015-12-03,63.666666666666664
7636,2015-12-04,77.0
7639,2015-12-05,95
7640,2015-12-06,62.333333333333336
7643,2015-12-07,71.0
7646,2015-12-08,72.0
7649,2015-12-09,71.33333333333333
7652,2015-12-10,68.0
7655,2015-12-11,60.333333333333336
7658,2015-12-12,60.333333333333336
7661,2015-12-13,72.0
7663,2015-12-14,76.66666666666667
7666,2015-12-15,76.66666666666667
7669,2015-12-16,71.33333333333333
7672,2015-12-17,73.33333333333333
7675,2015-12-18,75.0
7678,2015-12-19,68.0
7681,2015-12-20,61.666666666666664
7684,2015-12-21,59.0
7687,2015-12-22,57.333333333333336
7690,2015-12-23,65.66666666666667
7693,2015-12-24,58.333333333333336
7696,2015-12-25,54.666666666666664
7699,2015-12-26,58.666666666666664
7702,2015-12-27,64.33333333333333
7705,2015-12-28,60.666666666666664
7708,2015-12-29,56.0
7711,2015-12-30,53.666666666666664
7714,2015-12-31,56.666666666666664
7717,2016-01-01,62.666666666666664
7720,2016-01-02,84.66666666666667
7723,2016-01-09,87.66666666666667
7726,2016-01-10,88.66666666666667
7729,2016-01-11,79.0
7732,2016-01-12,81.66666666666667
7735,2016-01-13,86.0
7738,2016-01-14,79.33333333333333
7741,2016-01-15,73.0
7744,2016-01-16,72.66666666666667
7747,2016-01-17,80.0
7750,2016-01-18,73.66666666666667
7753,2016-01-19,71.0
7756,2016-01-20,84.33333333333333
7759,2019-03-01,96
7760,2019-03-02,81.0
7762,2019-03-03,84.0
7764,2019-03-05,71
7765,2019-03-06,84.5
7767,2019-03-07,84.5
7769,2019-03-08,86.0
7771,2019-03-09,74.5
7773,2019-03-10,97.5
7775,2019-03-11,78.0
7777,2019-03-12,84.5
7779,2019-03-13,81.5
7781,2019-03-14,81.5
7783,2019-03-15,84.0
7785,2019-03-16,77.5
7787,2019-03-17,82.0
7789,2019-03-18,81.0
7791,2019-03-19,77.0
7793,2019-03-20,79.0
7795,2019-03-21,80.0
7797,2019-03-22,91.5
7799,2019-03-23,83.0
7801,2019-03-24,89.5
7803,2019-03-25,79.5
7805,2019-03-26,81.0
7807,2019-03-27,80.0
7809,2019-03-28,80.5
7811,2019-03-29,97.0
7813,2019-03-30,79.0
7815,2019-03-31,93.0
7817,2019-07-01,82.0
7820,2019-07-02,80.0
7823,2019-07-03,78.66666666666667
7826,2019-07-04,86.66666666666667
7829,2019-07-05,73.33333333333333
7832,2019-07-06,71.33333333333333
7835,2019-07-07,71.0
7838,2019-07-08,88.0
7841,2019-07-09,75.33333333333333
7844,2019-07-10,61.333333333333336
7847,2019-07-11,65.66666666666667
7850,2019-07-12,86.66666666666667
7853,2019-07-13,80.66666666666667
7856,2019-07-14,98
7857,2019-08-03,55
7858,2019-08-04,69.33333333333333
7861,2019-08-05,60.666666666666664
7864,2019-08-06,60.333333333333336
7867,2019-08-07,62.333333333333336
7870,2019-08-08,71.0
7873,2019-08-09,63.0
7876,2019-08-10,62.333333333333336
7879,2019-08-11,64.0
7882,2019-08-12,63.0
7885,2019-08-13,65.66666666666667
7888,2019-08-14,81
7889,2019-08-15,49.666666666666664
7892,2019-08-16,69.33333333333333
7895,2019-08-17,78.66666666666667
7898,2019-08-18,60.0
7901,2019-08-19,59.333333333333336
7904,2019-08-20,62.0
7907,2019-08-21,59.666666666666664
7910,2019-08-22,60.0
7913,2019-08-23,61.666666666666664
7916,2019-08-24,62.666666666666664
7919,2019-08-25,58.333333333333336
7922,2019-08-26,61.333333333333336
7925,2019-08-27,61.0
7928,2019-08-28,64.33333333333333
7931,2019-08-29,59.666666666666664
7934,2019-08-30,58.333333333333336
7937,2019-08-31,64.66666666666667
7940,2019-09-01,99
7941,2019-09-07,60
7942,2019-09-08,50.0
7945,2019-09-09,55.333333333333336
7948,2019-09-10,65.33333333333333
7951,2019-09-11,65.0
7954,2019-09-12,73.66666666666667
7957,2019-09-13,62.666666666666664
7960,2019-09-14,57.0
7963,2019-09-15,60.0
7966,2019-09-16,74.0
7969,2019-09-17,82.33333333333333
7972,2019-09-18,80.0
7975,2019-09-19,83.0
7978,2019-09-20,85.0
7981,2019-09-21,83.66666666666667
7984,2019-09-22,87.66666666666667
7987,2019-09-23,68.33333333333333
7990,2019-09-24,76.33333333333333
7993,2019-09-25,79.0
7996,2019-09-26,74.33333333333333
7999,2019-09-27,76.66666666666667
8002,2019-09-28,75.0
8005,2019-09-29,80.33333333333333
8008,2019-09-30,82.33333333333333
8011,2019-10-01,73.66666666666667
8014,2019-10-02,90.0
8017,2019-10-03,87.0
8020,2019-10-04,83.33333333333333
8023,2019-10-05,85.0
8026,2019-10-06,91.0
8029,2019-10-07,84.33333333333333
8032,2019-10-08,82.0
8035,2019-10-09,71.66666666666667
8038,2019-10-10,77.66666666666667
8041,2019-10-11,73.0
8044,2019-10-12,72.0
8047,2019-10-13,84.0
8050,2019-10-14,83.66666666666667
8053,2019-10-15,86.0
8056,2019-10-16,95.0
8059,2019-10-17,78.0
8062,2019-10-18,87.66666666666667
8065,2019-10-19,89.0
8068,2019-10-20,94.33333333333333
8071,2019-10-21,87.33333333333333
8074,2019-10-22,87.33333333333333
8077,2019-10-23,84.66666666666667
8080,2019-10-24,95.66666666666667
8083,2019-10-25,90.66666666666667
8086,2019-10-26,82.33333333333333
8089,2019-10-27,84.66666666666667
8092,2019-10-28,76.0
8095,2019-10-29,90.33333333333333
8098,2019-10-30,81.0
8101,2019-10-31,83.33333333333333
8104,2019-11-01,79.33333333333333
8107,2019-11-02,84.33333333333333
8110,2019-11-03,78.0
8113,2019-11-04,87.0
8115,2019-11-05,82.66666666666667
8118,2019-11-06,80.66666666666667
8121,2019-11-07,76.0
8123,2019-11-08,79.0
8126,2019-11-09,93.5
8128,2019-11-10,82.66666666666667
8131,2019-11-11,97.0
8134,2019-11-12,96.33333333333333
8137,2019-11-13,93.0
8140,2019-11-14,92.66666666666667
8143,2019-11-15,84.0
8146,2019-11-16,90.0
8149,2019-11-17,88.66666666666667
8152,2019-11-18,84.33333333333333
8155,2019-11-19,93.5
8157,2019-11-20,83.33333333333333
8160,2019-11-21,72.0
8162,2019-11-22,84.33333333333333
8165,2019-11-23,84.66666666666667
8168,2019-11-24,84.0
8171,2019-11-25,82.33333333333333
8174,2019-11-26,78.0
8176,2019-11-27,89
8177,2019-11-28,82.5
8179,2019-11-29,95.5
8181,2019-11-30,79.66666666666667
8184,2019-12-01,85.0
8187,2020-04-01,82
8188,2020-04-02,88
8189,2020-04-03,86
8190,2020-04-04,86
8191,2020-04-05,77.0
8193,2020-04-06,91
8194,2020-04-07,88
8195,2020-04-08,85
8196,2020-04-09,77.0
8198,2020-04-10,84.0
8200,2020-04-11,85.0
8202,2020-04-12,83.5
8204,2020-04-14,89
8205,2020-04-15,79.5
8207,2020-04-16,90.0
8209,2020-04-17,85.5
8211,2020-04-18,86.0
8214,2020-04-19,81
8215,2020-04-20,68.0
8217,2020-04-21,68
